団体コード,都道府県名,市区町村名,エリアレベル
-,合計,-,level0
010006,北海道,-,level1
011002,北海道,札幌市,level2
011011,北海道,札幌市中央区,level3
011029,北海道,札幌市北区,level3
011037,北海道,札幌市東区,level3
011045,北海道,札幌市白石区,level3
011053,北海道,札幌市豊平区,level3
011061,北海道,札幌市南区,level3
011070,北海道,札幌市西区,level3
011088,北海道,札幌市厚別区,level3
011096,北海道,札幌市手稲区,level3
011100,北海道,札幌市清田区,level3
012025,北海道,函館市,level3
012033,北海道,小樽市,level3
012041,北海道,旭川市,level3
012050,北海道,室蘭市,level3
012068,北海道,釧路市,level3
012076,北海道,帯広市,level3
012084,北海道,北見市,level3
012092,北海道,夕張市,level3
012106,北海道,岩見沢市,level3
012114,北海道,網走市,level3
012122,北海道,留萌市,level3
012131,北海道,苫小牧市,level3
012149,北海道,稚内市,level3
012157,北海道,美唄市,level3
012165,北海道,芦別市,level3
012173,北海道,江別市,level3
012181,北海道,赤平市,level3
012190,北海道,紋別市,level3
012203,北海道,士別市,level3
012211,北海道,名寄市,level3
012220,北海道,三笠市,level3
012238,北海道,根室市,level3
012246,北海道,千歳市,level3
012254,北海道,滝川市,level3
012262,北海道,砂川市,level3
012271,北海道,歌志内市,level3
012289,北海道,深川市,level3
012297,北海道,富良野市,level3
012301,北海道,登別市,level3
012319,北海道,恵庭市,level3
012335,北海道,伊達市,level3
012343,北海道,北広島市,level3
012351,北海道,石狩市,level3
012360,北海道,北斗市,level3
013030,北海道,石狩郡当別町,level3
013048,北海道,石狩郡新篠津村,level3
013315,北海道,松前郡松前町,level3
013323,北海道,松前郡福島町,level3
013331,北海道,上磯郡知内町,level3
013340,北海道,上磯郡木古内町,level3
013374,北海道,亀田郡七飯町,level3
013439,北海道,茅部郡鹿部町,level3
013455,北海道,茅部郡森町,level3
013463,北海道,二海郡八雲町,level3
013471,北海道,山越郡長万部町,level3
013617,北海道,檜山郡江差町,level3
013625,北海道,檜山郡上ノ国町,level3
013633,北海道,檜山郡厚沢部町,level3
013641,北海道,爾志郡乙部町,level3
013676,北海道,奥尻郡奥尻町,level3
013706,北海道,瀬棚郡今金町,level3
013714,北海道,久遠郡せたな町,level3
013919,北海道,島牧郡島牧村,level3
013927,北海道,寿都郡寿都町,level3
013935,北海道,寿都郡黒松内町,level3
013943,北海道,磯谷郡蘭越町,level3
013951,北海道,虻田郡ニセコ町,level3
013960,北海道,虻田郡真狩村,level3
013978,北海道,虻田郡留寿都村,level3
013986,北海道,虻田郡喜茂別町,level3
013994,北海道,虻田郡京極町,level3
014001,北海道,虻田郡倶知安町,level3
014010,北海道,岩内郡共和町,level3
014028,北海道,岩内郡岩内町,level3
014036,北海道,古宇郡泊村,level3
014044,北海道,古宇郡神恵内村,level3
014052,北海道,積丹郡積丹町,level3
014061,北海道,古平郡古平町,level3
014079,北海道,余市郡仁木町,level3
014087,北海道,余市郡余市町,level3
014095,北海道,余市郡赤井川村,level3
014231,北海道,空知郡南幌町,level3
014249,北海道,空知郡奈井江町,level3
014257,北海道,空知郡上砂川町,level3
014273,北海道,夕張郡由仁町,level3
014281,北海道,夕張郡長沼町,level3
014290,北海道,夕張郡栗山町,level3
014303,北海道,樺戸郡月形町,level3
014311,北海道,樺戸郡浦臼町,level3
014320,北海道,樺戸郡新十津川町,level3
014338,北海道,雨竜郡妹背牛町,level3
014346,北海道,雨竜郡秩父別町,level3
014362,北海道,雨竜郡雨竜町,level3
014371,北海道,雨竜郡北竜町,level3
014389,北海道,雨竜郡沼田町,level3
014524,北海道,上川郡鷹栖町,level3
014532,北海道,上川郡東神楽町,level3
014541,北海道,上川郡当麻町,level3
014559,北海道,上川郡比布町,level3
014567,北海道,上川郡愛別町,level3
014575,北海道,上川郡上川町,level3
014583,北海道,上川郡東川町,level3
014591,北海道,上川郡美瑛町,level3
014605,北海道,空知郡上富良野町,level3
014613,北海道,空知郡中富良野町,level3
014621,北海道,空知郡南富良野町,level3
014630,北海道,勇払郡占冠村,level3
014648,北海道,上川郡和寒町,level3
014656,北海道,上川郡剣淵町,level3
014681,北海道,上川郡下川町,level3
014699,北海道,中川郡美深町,level3
014702,北海道,中川郡音威子府村,level3
014711,北海道,中川郡中川町,level3
014729,北海道,雨竜郡幌加内町,level3
014818,北海道,増毛郡増毛町,level3
014826,北海道,留萌郡小平町,level3
014834,北海道,苫前郡苫前町,level3
014842,北海道,苫前郡羽幌町,level3
014851,北海道,苫前郡初山別村,level3
014869,北海道,天塩郡遠別町,level3
014877,北海道,天塩郡天塩町,level3
015113,北海道,宗谷郡猿払村,level3
015121,北海道,枝幸郡浜頓別町,level3
015130,北海道,枝幸郡中頓別町,level3
015148,北海道,枝幸郡枝幸町,level3
015164,北海道,天塩郡豊富町,level3
015172,北海道,礼文郡礼文町,level3
015181,北海道,利尻郡利尻町,level3
015199,北海道,利尻郡利尻富士町,level3
015202,北海道,天塩郡幌延町,level3
015431,北海道,網走郡美幌町,level3
015440,北海道,網走郡津別町,level3
015458,北海道,斜里郡斜里町,level3
015466,北海道,斜里郡清里町,level3
015474,北海道,斜里郡小清水町,level3
015491,北海道,常呂郡訓子府町,level3
015504,北海道,常呂郡置戸町,level3
015521,北海道,常呂郡佐呂間町,level3
015555,北海道,紋別郡遠軽町,level3
015598,北海道,紋別郡湧別町,level3
015601,北海道,紋別郡滝上町,level3
015610,北海道,紋別郡興部町,level3
015628,北海道,紋別郡西興部村,level3
015636,北海道,紋別郡雄武町,level3
015644,北海道,網走郡大空町,level3
015717,北海道,虻田郡豊浦町,level3
015750,北海道,有珠郡壮瞥町,level3
015784,北海道,白老郡白老町,level3
015814,北海道,勇払郡厚真町,level3
015849,北海道,虻田郡洞爺湖町,level3
015857,北海道,勇払郡安平町,level3
015865,北海道,勇払郡むかわ町,level3
016012,北海道,沙流郡日高町,level3
016021,北海道,沙流郡平取町,level3
016047,北海道,新冠郡新冠町,level3
016071,北海道,浦河郡浦河町,level3
016080,北海道,様似郡様似町,level3
016098,北海道,幌泉郡えりも町,level3
016101,北海道,日高郡新ひだか町,level3
016314,北海道,河東郡音更町,level3
016322,北海道,河東郡士幌町,level3
016331,北海道,河東郡上士幌町,level3
016349,北海道,河東郡鹿追町,level3
016357,北海道,上川郡新得町,level3
016365,北海道,上川郡清水町,level3
016373,北海道,河西郡芽室町,level3
016381,北海道,河西郡中札内村,level3
016390,北海道,河西郡更別村,level3
016411,北海道,広尾郡大樹町,level3
016420,北海道,広尾郡広尾町,level3
016438,北海道,中川郡幕別町,level3
016446,北海道,中川郡池田町,level3
016454,北海道,中川郡豊頃町,level3
016462,北海道,中川郡本別町,level3
016471,北海道,足寄郡足寄町,level3
016489,北海道,足寄郡陸別町,level3
016497,北海道,十勝郡浦幌町,level3
016616,北海道,釧路郡釧路町,level3
016624,北海道,厚岸郡厚岸町,level3
016632,北海道,厚岸郡浜中町,level3
016641,北海道,川上郡標茶町,level3
016659,北海道,川上郡弟子屈町,level3
016675,北海道,阿寒郡鶴居村,level3
016683,北海道,白糠郡白糠町,level3
016918,北海道,野付郡別海町,level3
016926,北海道,標津郡中標津町,level3
016934,北海道,標津郡標津町,level3
016942,北海道,目梨郡羅臼町,level3
016951,北海道,色丹郡色丹村,level2
016969,北海道,国後郡泊村,level2
016977,北海道,国後郡留夜別村,level2
016985,北海道,択捉郡留別村,level2
016993,北海道,紗那郡紗那村,level2
017001,北海道,蘂取郡蘂取村,level2
020001,青森県,-,level1
022012,青森県,青森市,level3
022021,青森県,弘前市,level3
022039,青森県,八戸市,level3
022047,青森県,黒石市,level3
022055,青森県,五所川原市,level3
022063,青森県,十和田市,level3
022071,青森県,三沢市,level3
022080,青森県,むつ市,level3
022098,青森県,つがる市,level3
022101,青森県,平川市,level3
023001,青森県,東津軽郡,level2
023019,青森県,東津軽郡平内町,level3
023035,青森県,東津軽郡今別町,level3
023043,青森県,東津軽郡蓬田村,level3
023078,青森県,東津軽郡外ヶ浜町,level3
023205,青森県,西津軽郡,level2
023213,青森県,西津軽郡鰺ヶ沢町,level3
023230,青森県,西津軽郡深浦町,level3
023400,青森県,中津軽郡,level2
023434,青森県,中津軽郡西目屋村,level3
023604,青森県,南津軽郡,level2
023612,青森県,南津軽郡藤崎町,level3
023621,青森県,南津軽郡大鰐町,level3
023671,青森県,南津軽郡田舎館村,level3
023809,青森県,北津軽郡,level2
023817,青森県,北津軽郡板柳町,level3
023841,青森県,北津軽郡鶴田町,level3
023876,青森県,北津軽郡中泊町,level3
024007,青森県,上北郡,level2
024015,青森県,上北郡野辺地町,level3
024023,青森県,上北郡七戸町,level3
024058,青森県,上北郡六戸町,level3
024066,青森県,上北郡横浜町,level3
024082,青森県,上北郡東北町,level3
024112,青森県,上北郡六ヶ所村,level3
024121,青森県,上北郡おいらせ町,level3
024201,青森県,下北郡,level2
024236,青森県,下北郡大間町,level3
024244,青森県,下北郡東通村,level3
024252,青森県,下北郡風間浦村,level3
024261,青森県,下北郡佐井村,level3
024406,青森県,三戸郡,level2
024414,青森県,三戸郡三戸町,level3
024422,青森県,三戸郡五戸町,level3
024431,青森県,三戸郡田子町,level3
024457,青森県,三戸郡南部町,level3
024465,青森県,三戸郡階上町,level3
024503,青森県,三戸郡新郷村,level3
030007,岩手県,-,level1
032018,岩手県,盛岡市,level3
032026,岩手県,宮古市,level3
032034,岩手県,大船渡市,level3
032051,岩手県,花巻市,level3
032069,岩手県,北上市,level3
032077,岩手県,久慈市,level3
032085,岩手県,遠野市,level3
032093,岩手県,一関市,level3
032107,岩手県,陸前高田市,level3
032115,岩手県,釜石市,level3
032131,岩手県,二戸市,level3
032140,岩手県,八幡平市,level3
032158,岩手県,奥州市,level3
032166,岩手県,滝沢市,level3
033006,岩手県,岩手郡,level2
033014,岩手県,岩手郡雫石町,level3
033022,岩手県,岩手郡葛巻町,level3
033031,岩手県,岩手郡岩手町,level3
033201,岩手県,紫波郡,level2
033219,岩手県,紫波郡紫波町,level3
033227,岩手県,紫波郡矢巾町,level3
033600,岩手県,和賀郡,level2
033669,岩手県,和賀郡西和賀町,level3
033804,岩手県,胆沢郡,level2
033812,岩手県,胆沢郡金ケ崎町,level3
034002,岩手県,西磐井郡,level2
034029,岩手県,西磐井郡平泉町,level3
034401,岩手県,気仙郡,level2
034410,岩手県,気仙郡住田町,level3
034606,岩手県,上閉伊郡,level2
034614,岩手県,上閉伊郡大槌町,level3
034801,岩手県,下閉伊郡,level2
034827,岩手県,下閉伊郡山田町,level3
034835,岩手県,下閉伊郡岩泉町,level3
034843,岩手県,下閉伊郡田野畑村,level3
034851,岩手県,下閉伊郡普代村,level3
035009,岩手県,九戸郡,level2
035017,岩手県,九戸郡軽米町,level3
035033,岩手県,九戸郡野田村,level3
035068,岩手県,九戸郡九戸村,level3
035076,岩手県,九戸郡洋野町,level3
035203,岩手県,二戸郡,level2
035246,岩手県,二戸郡一戸町,level3
040002,宮城県,-,level1
041009,宮城県,仙台市,level2
041017,宮城県,仙台市青葉区,level3
041025,宮城県,仙台市宮城野区,level3
041033,宮城県,仙台市若林区,level3
041041,宮城県,仙台市太白区,level3
041050,宮城県,仙台市泉区,level3
042021,宮城県,石巻市,level3
042030,宮城県,塩竈市,level3
042056,宮城県,気仙沼市,level3
042064,宮城県,白石市,level3
042072,宮城県,名取市,level3
042081,宮城県,角田市,level3
042099,宮城県,多賀城市,level3
042111,宮城県,岩沼市,level3
042129,宮城県,登米市,level3
042137,宮城県,栗原市,level3
042145,宮城県,東松島市,level3
042153,宮城県,大崎市,level3
042161,宮城県,富谷市,level3
043001,宮城県,刈田郡,level2
043010,宮城県,刈田郡蔵王町,level3
043028,宮城県,刈田郡七ヶ宿町,level3
043206,宮城県,柴田郡,level2
043214,宮城県,柴田郡大河原町,level3
043222,宮城県,柴田郡村田町,level3
043231,宮城県,柴田郡柴田町,level3
043249,宮城県,柴田郡川崎町,level3
043401,宮城県,伊具郡,level2
043419,宮城県,伊具郡丸森町,level3
043605,宮城県,亘理郡,level2
043613,宮城県,亘理郡亘理町,level3
043621,宮城県,亘理郡山元町,level3
044008,宮城県,宮城郡,level2
044016,宮城県,宮城郡松島町,level3
044041,宮城県,宮城郡七ヶ浜町,level3
044067,宮城県,宮城郡利府町,level3
044202,宮城県,黒川郡,level2
044211,宮城県,黒川郡大和町,level3
044229,宮城県,黒川郡大郷町,level3
044245,宮城県,黒川郡大衡村,level3
044407,宮城県,加美郡,level2
044440,宮城県,加美郡色麻町,level3
044458,宮城県,加美郡加美町,level3
045004,宮城県,遠田郡,level2
045012,宮城県,遠田郡涌谷町,level3
045055,宮城県,遠田郡美里町,level3
045802,宮城県,牡鹿郡,level2
045811,宮城県,牡鹿郡女川町,level3
046001,宮城県,本吉郡,level2
046060,宮城県,本吉郡南三陸町,level3
050008,秋田県,-,level1
052019,秋田県,秋田市,level3
052027,秋田県,能代市,level3
052035,秋田県,横手市,level3
052043,秋田県,大館市,level3
052060,秋田県,男鹿市,level3
052078,秋田県,湯沢市,level3
052094,秋田県,鹿角市,level3
052108,秋田県,由利本荘市,level3
052116,秋田県,潟上市,level3
052124,秋田県,大仙市,level3
052132,秋田県,北秋田市,level3
052141,秋田県,にかほ市,level3
052159,秋田県,仙北市,level3
053007,秋田県,鹿角郡,level2
053031,秋田県,鹿角郡小坂町,level3
053201,秋田県,北秋田郡,level2
053279,秋田県,北秋田郡上小阿仁村,level3
053406,秋田県,山本郡,level2
053465,秋田県,山本郡藤里町,level3
053481,秋田県,山本郡三種町,level3
053490,秋田県,山本郡八峰町,level3
053601,秋田県,南秋田郡,level2
053619,秋田県,南秋田郡五城目町,level3
053635,秋田県,南秋田郡八郎潟町,level3
053660,秋田県,南秋田郡井川町,level3
053686,秋田県,南秋田郡大潟村,level3
054208,秋田県,仙北郡,level2
054348,秋田県,仙北郡美郷町,level3
054607,秋田県,雄勝郡,level2
054631,秋田県,雄勝郡羽後町,level3
054640,秋田県,雄勝郡東成瀬村,level3
060003,山形県,-,level1
062014,山形県,山形市,level3
062022,山形県,米沢市,level3
062031,山形県,鶴岡市,level3
062049,山形県,酒田市,level3
062057,山形県,新庄市,level3
062065,山形県,寒河江市,level3
062073,山形県,上山市,level3
062081,山形県,村山市,level3
062090,山形県,長井市,level3
062103,山形県,天童市,level3
062111,山形県,東根市,level3
062120,山形県,尾花沢市,level3
062138,山形県,南陽市,level3
063002,山形県,東村山郡,level2
063011,山形県,東村山郡山辺町,level3
063029,山形県,東村山郡中山町,level3
063207,山形県,西村山郡,level2
063215,山形県,西村山郡河北町,level3
063223,山形県,西村山郡西川町,level3
063231,山形県,西村山郡朝日町,level3
063240,山形県,西村山郡大江町,level3
063401,山形県,北村山郡,level2
063410,山形県,北村山郡大石田町,level3
063606,山形県,最上郡,level2
063614,山形県,最上郡金山町,level3
063622,山形県,最上郡最上町,level3
063631,山形県,最上郡舟形町,level3
063649,山形県,最上郡真室川町,level3
063657,山形県,最上郡大蔵村,level3
063665,山形県,最上郡鮭川村,level3
063673,山形県,最上郡戸沢村,level3
063801,山形県,東置賜郡,level2
063819,山形県,東置賜郡高畠町,level3
063827,山形県,東置賜郡川西町,level3
064009,山形県,西置賜郡,level2
064017,山形県,西置賜郡小国町,level3
064025,山形県,西置賜郡白鷹町,level3
064033,山形県,西置賜郡飯豊町,level3
064203,山形県,東田川郡,level2
064262,山形県,東田川郡三川町,level3
064289,山形県,東田川郡庄内町,level3
064602,山形県,飽海郡,level2
064611,山形県,飽海郡遊佐町,level3
070009,福島県,-,level1
072010,福島県,福島市,level3
072028,福島県,会津若松市,level3
072036,福島県,郡山市,level3
072044,福島県,いわき市,level3
072052,福島県,白河市,level3
072079,福島県,須賀川市,level3
072087,福島県,喜多方市,level3
072095,福島県,相馬市,level3
072109,福島県,二本松市,level3
072117,福島県,田村市,level3
072125,福島県,南相馬市,level3
072133,福島県,伊達市,level3
072141,福島県,本宮市,level3
073008,福島県,伊達郡,level2
073016,福島県,伊達郡桑折町,level3
073032,福島県,伊達郡国見町,level3
073083,福島県,伊達郡川俣町,level3
073202,福島県,安達郡,level2
073229,福島県,安達郡大玉村,level3
073407,福島県,岩瀬郡,level2
073423,福島県,岩瀬郡鏡石町,level3
073440,福島県,岩瀬郡天栄村,level3
073601,福島県,南会津郡,level2
073628,福島県,南会津郡下郷町,level3
073644,福島県,南会津郡檜枝岐村,level3
073679,福島県,南会津郡只見町,level3
073687,福島県,南会津郡南会津町,level3
074004,福島県,耶麻郡,level2
074021,福島県,耶麻郡北塩原村,level3
074055,福島県,耶麻郡西会津町,level3
074071,福島県,耶麻郡磐梯町,level3
074080,福島県,耶麻郡猪苗代町,level3
074209,福島県,河沼郡,level2
074217,福島県,河沼郡会津坂下町,level3
074225,福島県,河沼郡湯川村,level3
074233,福島県,河沼郡柳津町,level3
074403,福島県,大沼郡,level2
074446,福島県,大沼郡三島町,level3
074454,福島県,大沼郡金山町,level3
074462,福島県,大沼郡昭和村,level3
074471,福島県,大沼郡会津美里町,level3
074608,福島県,西白河郡,level2
074616,福島県,西白河郡西郷村,level3
074641,福島県,西白河郡泉崎村,level3
074659,福島県,西白河郡中島村,level3
074667,福島県,西白河郡矢吹町,level3
074802,福島県,東白川郡,level2
074811,福島県,東白川郡棚倉町,level3
074829,福島県,東白川郡矢祭町,level3
074837,福島県,東白川郡塙町,level3
074845,福島県,東白川郡鮫川村,level3
075001,福島県,石川郡,level2
075019,福島県,石川郡石川町,level3
075027,福島県,石川郡玉川村,level3
075035,福島県,石川郡平田村,level3
075043,福島県,石川郡浅川町,level3
075051,福島県,石川郡古殿町,level3
075205,福島県,田村郡,level2
075213,福島県,田村郡三春町,level3
075221,福島県,田村郡小野町,level3
075400,福島県,双葉郡,level2
075418,福島県,双葉郡広野町,level3
075426,福島県,双葉郡楢葉町,level3
075434,福島県,双葉郡富岡町,level3
075442,福島県,双葉郡川内村,level3
075451,福島県,双葉郡大熊町,level3
075469,福島県,双葉郡双葉町,level3
075477,福島県,双葉郡浪江町,level3
075485,福島県,双葉郡葛尾村,level3
075604,福島県,相馬郡,level2
075612,福島県,相馬郡新地町,level3
075647,福島県,相馬郡飯舘村,level3
080004,茨城県,-,level1
082015,茨城県,水戸市,level3
082023,茨城県,日立市,level3
082031,茨城県,土浦市,level3
082040,茨城県,古河市,level3
082058,茨城県,石岡市,level3
082074,茨城県,結城市,level3
082082,茨城県,龍ケ崎市,level3
082104,茨城県,下妻市,level3
082112,茨城県,常総市,level3
082121,茨城県,常陸太田市,level3
082147,茨城県,高萩市,level3
082155,茨城県,北茨城市,level3
082163,茨城県,笠間市,level3
082171,茨城県,取手市,level3
082198,茨城県,牛久市,level3
082201,茨城県,つくば市,level3
082210,茨城県,ひたちなか市,level3
082228,茨城県,鹿嶋市,level3
082236,茨城県,潮来市,level3
082244,茨城県,守谷市,level3
082252,茨城県,常陸大宮市,level3
082261,茨城県,那珂市,level3
082279,茨城県,筑西市,level3
082287,茨城県,坂東市,level3
082295,茨城県,稲敷市,level3
082309,茨城県,かすみがうら市,level3
082317,茨城県,桜川市,level3
082325,茨城県,神栖市,level3
082333,茨城県,行方市,level3
082341,茨城県,鉾田市,level3
082350,茨城県,つくばみらい市,level3
082368,茨城県,小美玉市,level3
083003,茨城県,東茨城郡,level2
083020,茨城県,東茨城郡茨城町,level3
083097,茨城県,東茨城郡大洗町,level3
083101,茨城県,東茨城郡城里町,level3
083402,茨城県,那珂郡,level2
083411,茨城県,那珂郡東海村,level3
083607,茨城県,久慈郡,level2
083640,茨城県,久慈郡大子町,level3
084409,茨城県,稲敷郡,level2
084425,茨城県,稲敷郡美浦村,level3
084433,茨城県,稲敷郡阿見町,level3
084476,茨城県,稲敷郡河内町,level3
085201,茨城県,結城郡,level2
085219,茨城県,結城郡八千代町,level3
085405,茨城県,猿島郡,level2
085421,茨城県,猿島郡五霞町,level3
085464,茨城県,猿島郡境町,level3
085600,茨城県,北相馬郡,level2
085642,茨城県,北相馬郡利根町,level3
090000,栃木県,-,level1
092011,栃木県,宇都宮市,level3
092029,栃木県,足利市,level3
092037,栃木県,栃木市,level3
092045,栃木県,佐野市,level3
092053,栃木県,鹿沼市,level3
092061,栃木県,日光市,level3
092088,栃木県,小山市,level3
092096,栃木県,真岡市,level3
092100,栃木県,大田原市,level3
092118,栃木県,矢板市,level3
092134,栃木県,那須塩原市,level3
092142,栃木県,さくら市,level3
092151,栃木県,那須烏山市,level3
092169,栃木県,下野市,level3
093009,栃木県,河内郡,level2
093017,栃木県,河内郡上三川町,level3
093408,栃木県,芳賀郡,level2
093424,栃木県,芳賀郡益子町,level3
093432,栃木県,芳賀郡茂木町,level3
093441,栃木県,芳賀郡市貝町,level3
093459,栃木県,芳賀郡芳賀町,level3
093602,栃木県,下都賀郡,level2
093611,栃木県,下都賀郡壬生町,level3
093645,栃木県,下都賀郡野木町,level3
093807,栃木県,塩谷郡,level2
093840,栃木県,塩谷郡塩谷町,level3
093866,栃木県,塩谷郡高根沢町,level3
094005,栃木県,那須郡,level2
094072,栃木県,那須郡那須町,level3
094111,栃木県,那須郡那珂川町,level3
100005,群馬県,-,level1
102016,群馬県,前橋市,level3
102024,群馬県,高崎市,level3
102032,群馬県,桐生市,level3
102041,群馬県,伊勢崎市,level3
102059,群馬県,太田市,level3
102067,群馬県,沼田市,level3
102075,群馬県,館林市,level3
102083,群馬県,渋川市,level3
102091,群馬県,藤岡市,level3
102105,群馬県,富岡市,level3
102113,群馬県,安中市,level3
102121,群馬県,みどり市,level3
103403,群馬県,北群馬郡,level2
103446,群馬県,北群馬郡榛東村,level3
103454,群馬県,北群馬郡吉岡町,level3
103608,群馬県,多野郡,level2
103667,群馬県,多野郡上野村,level3
103675,群馬県,多野郡神流町,level3
103802,群馬県,甘楽郡,level2
103829,群馬県,甘楽郡下仁田町,level3
103837,群馬県,甘楽郡南牧村,level3
103845,群馬県,甘楽郡甘楽町,level3
104205,群馬県,吾妻郡,level2
104213,群馬県,吾妻郡中之条町,level3
104248,群馬県,吾妻郡長野原町,level3
104256,群馬県,吾妻郡嬬恋村,level3
104264,群馬県,吾妻郡草津町,level3
104281,群馬県,吾妻郡高山村,level3
104299,群馬県,吾妻郡東吾妻町,level3
104400,群馬県,利根郡,level2
104434,群馬県,利根郡片品村,level3
104442,群馬県,利根郡川場村,level3
104485,群馬県,利根郡昭和村,level3
104493,群馬県,利根郡みなかみ町,level3
104604,群馬県,佐波郡,level2
104647,群馬県,佐波郡玉村町,level3
105201,群馬県,邑楽郡,level2
105210,群馬県,邑楽郡板倉町,level3
105228,群馬県,邑楽郡明和町,level3
105236,群馬県,邑楽郡千代田町,level3
105244,群馬県,邑楽郡大泉町,level3
105252,群馬県,邑楽郡邑楽町,level3
110001,埼玉県,-,level1
111007,埼玉県,さいたま市,level2
111015,埼玉県,さいたま市西区,level3
111023,埼玉県,さいたま市北区,level3
111031,埼玉県,さいたま市大宮区,level3
111040,埼玉県,さいたま市見沼区,level3
111058,埼玉県,さいたま市中央区,level3
111066,埼玉県,さいたま市桜区,level3
111074,埼玉県,さいたま市浦和区,level3
111082,埼玉県,さいたま市南区,level3
111091,埼玉県,さいたま市緑区,level3
111104,埼玉県,さいたま市岩槻区,level3
112011,埼玉県,川越市,level3
112020,埼玉県,熊谷市,level3
112038,埼玉県,川口市,level3
112062,埼玉県,行田市,level3
112071,埼玉県,秩父市,level3
112089,埼玉県,所沢市,level3
112097,埼玉県,飯能市,level3
112101,埼玉県,加須市,level3
112119,埼玉県,本庄市,level3
112127,埼玉県,東松山市,level3
112143,埼玉県,春日部市,level3
112151,埼玉県,狭山市,level3
112160,埼玉県,羽生市,level3
112178,埼玉県,鴻巣市,level3
112186,埼玉県,深谷市,level3
112194,埼玉県,上尾市,level3
112216,埼玉県,草加市,level3
112224,埼玉県,越谷市,level3
112232,埼玉県,蕨市,level3
112241,埼玉県,戸田市,level3
112259,埼玉県,入間市,level3
112275,埼玉県,朝霞市,level3
112283,埼玉県,志木市,level3
112291,埼玉県,和光市,level3
112305,埼玉県,新座市,level3
112313,埼玉県,桶川市,level3
112321,埼玉県,久喜市,level3
112330,埼玉県,北本市,level3
112348,埼玉県,八潮市,level3
112356,埼玉県,富士見市,level3
112372,埼玉県,三郷市,level3
112381,埼玉県,蓮田市,level3
112399,埼玉県,坂戸市,level3
112402,埼玉県,幸手市,level3
112411,埼玉県,鶴ヶ島市,level3
112429,埼玉県,日高市,level3
112437,埼玉県,吉川市,level3
112453,埼玉県,ふじみ野市,level3
112461,埼玉県,白岡市,level3
113000,埼玉県,北足立郡,level2
113018,埼玉県,北足立郡伊奈町,level3
113204,埼玉県,入間郡,level2
113247,埼玉県,入間郡三芳町,level3
113263,埼玉県,入間郡毛呂山町,level3
113271,埼玉県,入間郡越生町,level3
113409,埼玉県,比企郡,level2
113417,埼玉県,比企郡滑川町,level3
113425,埼玉県,比企郡嵐山町,level3
113433,埼玉県,比企郡小川町,level3
113468,埼玉県,比企郡川島町,level3
113476,埼玉県,比企郡吉見町,level3
113484,埼玉県,比企郡鳩山町,level3
113492,埼玉県,比企郡ときがわ町,level3
113603,埼玉県,秩父郡,level2
113611,埼玉県,秩父郡横瀬町,level3
113620,埼玉県,秩父郡皆野町,level3
113638,埼玉県,秩父郡長瀞町,level3
113654,埼玉県,秩父郡小鹿野町,level3
113697,埼玉県,秩父郡東秩父村,level3
113808,埼玉県,児玉郡,level2
113816,埼玉県,児玉郡美里町,level3
113832,埼玉県,児玉郡神川町,level3
113859,埼玉県,児玉郡上里町,level3
114006,埼玉県,大里郡,level2
114081,埼玉県,大里郡寄居町,level3
114405,埼玉県,南埼玉郡,level2
114421,埼玉県,南埼玉郡宮代町,level3
114600,埼玉県,北葛飾郡,level2
114642,埼玉県,北葛飾郡杉戸町,level3
114651,埼玉県,北葛飾郡松伏町,level3
120006,千葉県,-,level1
121002,千葉県,千葉市,level2
121011,千葉県,千葉市中央区,level3
121029,千葉県,千葉市花見川区,level3
121037,千葉県,千葉市稲毛区,level3
121045,千葉県,千葉市若葉区,level3
121053,千葉県,千葉市緑区,level3
121061,千葉県,千葉市美浜区,level3
122025,千葉県,銚子市,level3
122033,千葉県,市川市,level3
122041,千葉県,船橋市,level3
122050,千葉県,館山市,level3
122068,千葉県,木更津市,level3
122076,千葉県,松戸市,level3
122084,千葉県,野田市,level3
122106,千葉県,茂原市,level3
122114,千葉県,成田市,level3
122122,千葉県,佐倉市,level3
122131,千葉県,東金市,level3
122157,千葉県,旭市,level3
122165,千葉県,習志野市,level3
122173,千葉県,柏市,level3
122181,千葉県,勝浦市,level3
122190,千葉県,市原市,level3
122203,千葉県,流山市,level3
122211,千葉県,八千代市,level3
122220,千葉県,我孫子市,level3
122238,千葉県,鴨川市,level3
122246,千葉県,鎌ケ谷市,level3
122254,千葉県,君津市,level3
122262,千葉県,富津市,level3
122271,千葉県,浦安市,level3
122289,千葉県,四街道市,level3
122297,千葉県,袖ケ浦市,level3
122301,千葉県,八街市,level3
122319,千葉県,印西市,level3
122327,千葉県,白井市,level3
122335,千葉県,富里市,level3
122343,千葉県,南房総市,level3
122351,千葉県,匝瑳市,level3
122360,千葉県,香取市,level3
122378,千葉県,山武市,level3
122386,千葉県,いすみ市,level3
122394,千葉県,大網白里市,level3
123200,千葉県,印旛郡,level2
123226,千葉県,印旛郡酒々井町,level3
123293,千葉県,印旛郡栄町,level3
123404,千葉県,香取郡,level2
123421,千葉県,香取郡神崎町,level3
123471,千葉県,香取郡多古町,level3
123498,千葉県,香取郡東庄町,level3
124001,千葉県,山武郡,level2
124036,千葉県,山武郡九十九里町,level3
124095,千葉県,山武郡芝山町,level3
124109,千葉県,山武郡横芝光町,level3
124206,千葉県,長生郡,level2
124214,千葉県,長生郡一宮町,level3
124222,千葉県,長生郡睦沢町,level3
124231,千葉県,長生郡長生村,level3
124249,千葉県,長生郡白子町,level3
124265,千葉県,長生郡長柄町,level3
124273,千葉県,長生郡長南町,level3
124401,千葉県,夷隅郡,level2
124419,千葉県,夷隅郡大多喜町,level3
124435,千葉県,夷隅郡御宿町,level3
124605,千葉県,安房郡,level2
124630,千葉県,安房郡鋸南町,level3
130001,東京都,-,level1
131016,東京都,千代田区,level3
131024,東京都,中央区,level3
131032,東京都,港区,level3
131041,東京都,新宿区,level3
131059,東京都,文京区,level3
131067,東京都,台東区,level3
131075,東京都,墨田区,level3
131083,東京都,江東区,level3
131091,東京都,品川区,level3
131105,東京都,目黒区,level3
131113,東京都,大田区,level3
131121,東京都,世田谷区,level3
131130,東京都,渋谷区,level3
131148,東京都,中野区,level3
131156,東京都,杉並区,level3
131164,東京都,豊島区,level3
131172,東京都,北区,level3
131181,東京都,荒川区,level3
131199,東京都,板橋区,level3
131202,東京都,練馬区,level3
131211,東京都,足立区,level3
131229,東京都,葛飾区,level3
131237,東京都,江戸川区,level3
132012,東京都,八王子市,level3
132021,東京都,立川市,level3
132039,東京都,武蔵野市,level3
132047,東京都,三鷹市,level3
132055,東京都,青梅市,level3
132063,東京都,府中市,level3
132071,東京都,昭島市,level3
132080,東京都,調布市,level3
132098,東京都,町田市,level3
132101,東京都,小金井市,level3
132110,東京都,小平市,level3
132128,東京都,日野市,level3
132136,東京都,東村山市,level3
132144,東京都,国分寺市,level3
132152,東京都,国立市,level3
132187,東京都,福生市,level3
132195,東京都,狛江市,level3
132209,東京都,東大和市,level3
132217,東京都,清瀬市,level3
132225,東京都,東久留米市,level3
132233,東京都,武蔵村山市,level3
132241,東京都,多摩市,level3
132250,東京都,稲城市,level3
132276,東京都,羽村市,level3
132284,東京都,あきる野市,level3
132292,東京都,西東京市,level3
133001,東京都,西多摩郡,level2
133035,東京都,西多摩郡瑞穂町,level3
133051,東京都,西多摩郡日の出町,level3
133078,東京都,西多摩郡檜原村,level3
133086,東京都,西多摩郡奥多摩町,level3
133604,東京都,島しょ,level2
133612,東京都,大島町,level3
133621,東京都,利島村,level3
133639,東京都,新島村,level3
133647,東京都,神津島村,level3
133817,東京都,三宅村,level3
133825,東京都,御蔵島村,level3
134015,東京都,八丈町,level3
134023,東京都,青ヶ島村,level3
134210,東京都,小笠原村,level3
140007,神奈川県,-,level1
141003,神奈川県,横浜市,level2
141011,神奈川県,横浜市鶴見区,level3
141020,神奈川県,横浜市神奈川区,level3
141038,神奈川県,横浜市西区,level3
141046,神奈川県,横浜市中区,level3
141054,神奈川県,横浜市南区,level3
141062,神奈川県,横浜市保土ケ谷区,level3
141071,神奈川県,横浜市磯子区,level3
141089,神奈川県,横浜市金沢区,level3
141097,神奈川県,横浜市港北区,level3
141101,神奈川県,横浜市戸塚区,level3
141119,神奈川県,横浜市港南区,level3
141127,神奈川県,横浜市旭区,level3
141135,神奈川県,横浜市緑区,level3
141143,神奈川県,横浜市瀬谷区,level3
141151,神奈川県,横浜市栄区,level3
141160,神奈川県,横浜市泉区,level3
141178,神奈川県,横浜市青葉区,level3
141186,神奈川県,横浜市都筑区,level3
141305,神奈川県,川崎市,level2
141313,神奈川県,川崎市川崎区,level3
141321,神奈川県,川崎市幸区,level3
141330,神奈川県,川崎市中原区,level3
141348,神奈川県,川崎市高津区,level3
141356,神奈川県,川崎市多摩区,level3
141364,神奈川県,川崎市宮前区,level3
141372,神奈川県,川崎市麻生区,level3
141500,神奈川県,相模原市,level2
141518,神奈川県,相模原市緑区,level3
141526,神奈川県,相模原市中央区,level3
141534,神奈川県,相模原市南区,level3
142018,神奈川県,横須賀市,level3
142034,神奈川県,平塚市,level3
142042,神奈川県,鎌倉市,level3
142051,神奈川県,藤沢市,level3
142069,神奈川県,小田原市,level3
142077,神奈川県,茅ヶ崎市,level3
142085,神奈川県,逗子市,level3
142107,神奈川県,三浦市,level3
142115,神奈川県,秦野市,level3
142123,神奈川県,厚木市,level3
142131,神奈川県,大和市,level3
142140,神奈川県,伊勢原市,level3
142158,神奈川県,海老名市,level3
142166,神奈川県,座間市,level3
142174,神奈川県,南足柄市,level3
142182,神奈川県,綾瀬市,level3
143006,神奈川県,三浦郡,level2
143014,神奈川県,三浦郡葉山町,level3
143201,神奈川県,高座郡,level2
143219,神奈川県,高座郡寒川町,level3
143405,神奈川県,中郡,level2
143413,神奈川県,中郡大磯町,level3
143421,神奈川県,中郡二宮町,level3
143600,神奈川県,足柄上郡,level2
143618,神奈川県,足柄上郡中井町,level3
143626,神奈川県,足柄上郡大井町,level3
143634,神奈川県,足柄上郡松田町,level3
143642,神奈川県,足柄上郡山北町,level3
143669,神奈川県,足柄上郡開成町,level3
143804,神奈川県,足柄下郡,level2
143821,神奈川県,足柄下郡箱根町,level3
143839,神奈川県,足柄下郡真鶴町,level3
143847,神奈川県,足柄下郡湯河原町,level3
144002,神奈川県,愛甲郡,level2
144011,神奈川県,愛甲郡愛川町,level3
144029,神奈川県,愛甲郡清川村,level3
150002,新潟県,-,level1
151009,新潟県,新潟市,level2
151017,新潟県,新潟市北区,level3
151025,新潟県,新潟市東区,level3
151033,新潟県,新潟市中央区,level3
151041,新潟県,新潟市江南区,level3
151050,新潟県,新潟市秋葉区,level3
151068,新潟県,新潟市南区,level3
151076,新潟県,新潟市西区,level3
151084,新潟県,新潟市西蒲区,level3
152021,新潟県,長岡市,level3
152048,新潟県,三条市,level3
152056,新潟県,柏崎市,level3
152064,新潟県,新発田市,level3
152081,新潟県,小千谷市,level3
152099,新潟県,加茂市,level3
152102,新潟県,十日町市,level3
152111,新潟県,見附市,level3
152129,新潟県,村上市,level3
152137,新潟県,燕市,level3
152161,新潟県,糸魚川市,level3
152170,新潟県,妙高市,level3
152188,新潟県,五泉市,level3
152226,新潟県,上越市,level3
152234,新潟県,阿賀野市,level3
152242,新潟県,佐渡市,level3
152251,新潟県,魚沼市,level3
152269,新潟県,南魚沼市,level3
152277,新潟県,胎内市,level3
153001,新潟県,北蒲原郡,level2
153079,新潟県,北蒲原郡聖籠町,level3
153401,新潟県,西蒲原郡,level2
153427,新潟県,西蒲原郡弥彦村,level3
153605,新潟県,南蒲原郡,level2
153613,新潟県,南蒲原郡田上町,level3
153800,新潟県,東蒲原郡,level2
153851,新潟県,東蒲原郡阿賀町,level3
154008,新潟県,三島郡,level2
154059,新潟県,三島郡出雲崎町,level3
154601,新潟県,南魚沼郡,level2
154610,新潟県,南魚沼郡湯沢町,level3
154806,新潟県,中魚沼郡,level2
154822,新潟県,中魚沼郡津南町,level3
155004,新潟県,刈羽郡,level2
155047,新潟県,刈羽郡刈羽村,level3
155802,新潟県,岩船郡,level2
155811,新潟県,岩船郡関川村,level3
155861,新潟県,岩船郡粟島浦村,level3
160008,富山県,-,level1
162019,富山県,富山市,level3
162027,富山県,高岡市,level3
162043,富山県,魚津市,level3
162051,富山県,氷見市,level3
162060,富山県,滑川市,level3
162078,富山県,黒部市,level3
162086,富山県,砺波市,level3
162094,富山県,小矢部市,level3
162108,富山県,南砺市,level3
162116,富山県,射水市,level3
163201,富山県,中新川郡,level2
163210,富山県,中新川郡舟橋村,level3
163228,富山県,中新川郡上市町,level3
163236,富山県,中新川郡立山町,level3
163406,富山県,下新川郡,level2
163422,富山県,下新川郡入善町,level3
163431,富山県,下新川郡朝日町,level3
170003,石川県,-,level1
172014,石川県,金沢市,level3
172022,石川県,七尾市,level3
172031,石川県,小松市,level3
172049,石川県,輪島市,level3
172057,石川県,珠洲市,level3
172065,石川県,加賀市,level3
172073,石川県,羽咋市,level3
172090,石川県,かほく市,level3
172103,石川県,白山市,level3
172111,石川県,能美市,level3
172120,石川県,野々市市,level3
173207,石川県,能美郡,level2
173240,石川県,能美郡川北町,level3
173606,石川県,河北郡,level2
173614,石川県,河北郡津幡町,level3
173657,石川県,河北郡内灘町,level3
173801,石川県,羽咋郡,level2
173843,石川県,羽咋郡志賀町,level3
173860,石川県,羽咋郡宝達志水町,level3
174009,石川県,鹿島郡,level2
174076,石川県,鹿島郡中能登町,level3
174602,石川県,鳳珠郡,level2
174611,石川県,鳳珠郡穴水町,level3
174637,石川県,鳳珠郡能登町,level3
180009,福井県,-,level1
182010,福井県,福井市,level3
182028,福井県,敦賀市,level3
182044,福井県,小浜市,level3
182052,福井県,大野市,level3
182061,福井県,勝山市,level3
182079,福井県,鯖江市,level3
182087,福井県,あわら市,level3
182095,福井県,越前市,level3
182109,福井県,坂井市,level3
183202,福井県,吉田郡,level2
183229,福井県,吉田郡永平寺町,level3
183806,福井県,今立郡,level2
183822,福井県,今立郡池田町,level3
184004,福井県,南条郡,level2
184047,福井県,南条郡南越前町,level3
184209,福井県,丹生郡,level2
184233,福井県,丹生郡越前町,level3
184403,福井県,三方郡,level2
184420,福井県,三方郡美浜町,level3
184802,福井県,大飯郡,level2
184811,福井県,大飯郡高浜町,level3
184837,福井県,大飯郡おおい町,level3
185001,福井県,三方上中郡,level2
185019,福井県,三方上中郡若狭町,level3
190004,山梨県,-,level1
192015,山梨県,甲府市,level3
192023,山梨県,富士吉田市,level3
192040,山梨県,都留市,level3
192058,山梨県,山梨市,level3
192066,山梨県,大月市,level3
192074,山梨県,韮崎市,level3
192082,山梨県,南アルプス市,level3
192091,山梨県,北杜市,level3
192104,山梨県,甲斐市,level3
192112,山梨県,笛吹市,level3
192121,山梨県,上野原市,level3
192139,山梨県,甲州市,level3
192147,山梨県,中央市,level3
193402,山梨県,西八代郡,level2
193461,山梨県,西八代郡市川三郷町,level3
193607,山梨県,南巨摩郡,level2
193640,山梨県,南巨摩郡早川町,level3
193658,山梨県,南巨摩郡身延町,level3
193666,山梨県,南巨摩郡南部町,level3
193682,山梨県,南巨摩郡富士川町,level3
193801,山梨県,中巨摩郡,level2
193844,山梨県,中巨摩郡昭和町,level3
194204,山梨県,南都留郡,level2
194221,山梨県,南都留郡道志村,level3
194239,山梨県,南都留郡西桂町,level3
194247,山梨県,南都留郡忍野村,level3
194255,山梨県,南都留郡山中湖村,level3
194298,山梨県,南都留郡鳴沢村,level3
194301,山梨県,南都留郡富士河口湖町,level3
194409,山梨県,北都留郡,level2
194425,山梨県,北都留郡小菅村,level3
194433,山梨県,北都留郡丹波山村,level3
200000,長野県,-,level1
202011,長野県,長野市,level3
202029,長野県,松本市,level3
202037,長野県,上田市,level3
202045,長野県,岡谷市,level3
202053,長野県,飯田市,level3
202061,長野県,諏訪市,level3
202070,長野県,須坂市,level3
202088,長野県,小諸市,level3
202096,長野県,伊那市,level3
202100,長野県,駒ヶ根市,level3
202118,長野県,中野市,level3
202126,長野県,大町市,level3
202134,長野県,飯山市,level3
202142,長野県,茅野市,level3
202151,長野県,塩尻市,level3
202177,長野県,佐久市,level3
202185,長野県,千曲市,level3
202193,長野県,東御市,level3
202207,長野県,安曇野市,level3
203009,長野県,南佐久郡,level2
203033,長野県,南佐久郡小海町,level3
203041,長野県,南佐久郡川上村,level3
203050,長野県,南佐久郡南牧村,level3
203068,長野県,南佐久郡南相木村,level3
203076,長野県,南佐久郡北相木村,level3
203092,長野県,南佐久郡佐久穂町,level3
203203,長野県,北佐久郡,level2
203211,長野県,北佐久郡軽井沢町,level3
203238,長野県,北佐久郡御代田町,level3
203246,長野県,北佐久郡立科町,level3
203408,長野県,小県郡,level2
203491,長野県,小県郡青木村,level3
203505,長野県,小県郡長和町,level3
203602,長野県,諏訪郡,level2
203611,長野県,諏訪郡下諏訪町,level3
203629,長野県,諏訪郡富士見町,level3
203637,長野県,諏訪郡原村,level3
203807,長野県,上伊那郡,level2
203823,長野県,上伊那郡辰野町,level3
203831,長野県,上伊那郡箕輪町,level3
203840,長野県,上伊那郡飯島町,level3
203858,長野県,上伊那郡南箕輪村,level3
203866,長野県,上伊那郡中川村,level3
203882,長野県,上伊那郡宮田村,level3
204005,長野県,下伊那郡,level2
204021,長野県,下伊那郡松川町,level3
204030,長野県,下伊那郡高森町,level3
204048,長野県,下伊那郡阿南町,level3
204072,長野県,下伊那郡阿智村,level3
204099,長野県,下伊那郡平谷村,level3
204102,長野県,下伊那郡根羽村,level3
204111,長野県,下伊那郡下條村,level3
204129,長野県,下伊那郡売木村,level3
204137,長野県,下伊那郡天龍村,level3
204145,長野県,下伊那郡泰阜村,level3
204153,長野県,下伊那郡喬木村,level3
204161,長野県,下伊那郡豊丘村,level3
204170,長野県,下伊那郡大鹿村,level3
204200,長野県,木曽郡,level2
204226,長野県,木曽郡上松町,level3
204234,長野県,木曽郡南木曽町,level3
204251,長野県,木曽郡木祖村,level3
204293,長野県,木曽郡王滝村,level3
204307,長野県,木曽郡大桑村,level3
204323,長野県,木曽郡木曽町,level3
204404,長野県,東筑摩郡,level2
204463,長野県,東筑摩郡麻績村,level3
204480,長野県,東筑摩郡生坂村,level3
204501,長野県,東筑摩郡山形村,level3
204510,長野県,東筑摩郡朝日村,level3
204528,長野県,東筑摩郡筑北村,level3
204803,長野県,北安曇郡,level2
204811,長野県,北安曇郡池田町,level3
204820,長野県,北安曇郡松川村,level3
204854,長野県,北安曇郡白馬村,level3
204862,長野県,北安曇郡小谷村,level3
205206,長野県,埴科郡,level2
205214,長野県,埴科郡坂城町,level3
205401,長野県,上高井郡,level2
205419,長野県,上高井郡小布施町,level3
205435,長野県,上高井郡高山村,level3
205605,長野県,下高井郡,level2
205613,長野県,下高井郡山ノ内町,level3
205621,長野県,下高井郡木島平村,level3
205630,長野県,下高井郡野沢温泉村,level3
205800,長野県,上水内郡,level2
205834,長野県,上水内郡信濃町,level3
205885,長野県,上水内郡小川村,level3
205907,長野県,上水内郡飯綱町,level3
206008,長野県,下水内郡,level2
206024,長野県,下水内郡栄村,level3
210005,岐阜県,-,level1
212016,岐阜県,岐阜市,level3
212024,岐阜県,大垣市,level3
212032,岐阜県,高山市,level3
212041,岐阜県,多治見市,level3
212059,岐阜県,関市,level3
212067,岐阜県,中津川市,level3
212075,岐阜県,美濃市,level3
212083,岐阜県,瑞浪市,level3
212091,岐阜県,羽島市,level3
212105,岐阜県,恵那市,level3
212113,岐阜県,美濃加茂市,level3
212121,岐阜県,土岐市,level3
212130,岐阜県,各務原市,level3
212148,岐阜県,可児市,level3
212156,岐阜県,山県市,level3
212164,岐阜県,瑞穂市,level3
212172,岐阜県,飛騨市,level3
212181,岐阜県,本巣市,level3
212199,岐阜県,郡上市,level3
212202,岐阜県,下呂市,level3
212211,岐阜県,海津市,level3
213004,岐阜県,羽島郡,level2
213021,岐阜県,羽島郡岐南町,level3
213039,岐阜県,羽島郡笠松町,level3
213403,岐阜県,養老郡,level2
213411,岐阜県,養老郡養老町,level3
213608,岐阜県,不破郡,level2
213616,岐阜県,不破郡垂井町,level3
213624,岐阜県,不破郡関ケ原町,level3
213802,岐阜県,安八郡,level2
213811,岐阜県,安八郡神戸町,level3
213829,岐阜県,安八郡輪之内町,level3
213837,岐阜県,安八郡安八町,level3
214001,岐阜県,揖斐郡,level2
214019,岐阜県,揖斐郡揖斐川町,level3
214035,岐阜県,揖斐郡大野町,level3
214043,岐阜県,揖斐郡池田町,level3
214205,岐阜県,本巣郡,level2
214213,岐阜県,本巣郡北方町,level3
215007,岐阜県,加茂郡,level2
215015,岐阜県,加茂郡坂祝町,level3
215023,岐阜県,加茂郡富加町,level3
215031,岐阜県,加茂郡川辺町,level3
215040,岐阜県,加茂郡七宗町,level3
215058,岐阜県,加茂郡八百津町,level3
215066,岐阜県,加茂郡白川町,level3
215074,岐阜県,加茂郡東白川村,level3
215201,岐阜県,可児郡,level2
215210,岐阜県,可児郡御嵩町,level3
216003,岐阜県,大野郡,level2
216046,岐阜県,大野郡白川村,level3
220001,静岡県,-,level1
221007,静岡県,静岡市,level2
221015,静岡県,静岡市葵区,level3
221023,静岡県,静岡市駿河区,level3
221031,静岡県,静岡市清水区,level3
221309,静岡県,浜松市,level2
221384,静岡県,浜松市中央区,level3
221392,静岡県,浜松市浜名区,level3
221406,静岡県,浜松市天竜区,level3
222038,静岡県,沼津市,level3
222054,静岡県,熱海市,level3
222062,静岡県,三島市,level3
222071,静岡県,富士宮市,level3
222089,静岡県,伊東市,level3
222097,静岡県,島田市,level3
222101,静岡県,富士市,level3
222119,静岡県,磐田市,level3
222127,静岡県,焼津市,level3
222135,静岡県,掛川市,level3
222143,静岡県,藤枝市,level3
222151,静岡県,御殿場市,level3
222160,静岡県,袋井市,level3
222194,静岡県,下田市,level3
222208,静岡県,裾野市,level3
222216,静岡県,湖西市,level3
222224,静岡県,伊豆市,level3
222232,静岡県,御前崎市,level3
222241,静岡県,菊川市,level3
222259,静岡県,伊豆の国市,level3
222267,静岡県,牧之原市,level3
223000,静岡県,賀茂郡,level2
223018,静岡県,賀茂郡東伊豆町,level3
223026,静岡県,賀茂郡河津町,level3
223042,静岡県,賀茂郡南伊豆町,level3
223051,静岡県,賀茂郡松崎町,level3
223069,静岡県,賀茂郡西伊豆町,level3
223204,静岡県,田方郡,level2
223255,静岡県,田方郡函南町,level3
223409,静岡県,駿東郡,level2
223417,静岡県,駿東郡清水町,level3
223425,静岡県,駿東郡長泉町,level3
223441,静岡県,駿東郡小山町,level3
224201,静岡県,榛原郡,level2
224243,静岡県,榛原郡吉田町,level3
224294,静岡県,榛原郡川根本町,level3
224600,静岡県,周智郡,level2
224618,静岡県,周智郡森町,level3
230006,愛知県,-,level1
231002,愛知県,名古屋市,level2
231011,愛知県,名古屋市千種区,level3
231029,愛知県,名古屋市東区,level3
231037,愛知県,名古屋市北区,level3
231045,愛知県,名古屋市西区,level3
231053,愛知県,名古屋市中村区,level3
231061,愛知県,名古屋市中区,level3
231070,愛知県,名古屋市昭和区,level3
231088,愛知県,名古屋市瑞穂区,level3
231096,愛知県,名古屋市熱田区,level3
231100,愛知県,名古屋市中川区,level3
231118,愛知県,名古屋市港区,level3
231126,愛知県,名古屋市南区,level3
231134,愛知県,名古屋市守山区,level3
231142,愛知県,名古屋市緑区,level3
231151,愛知県,名古屋市名東区,level3
231169,愛知県,名古屋市天白区,level3
232017,愛知県,豊橋市,level3
232025,愛知県,岡崎市,level3
232033,愛知県,一宮市,level3
232041,愛知県,瀬戸市,level3
232050,愛知県,半田市,level3
232068,愛知県,春日井市,level3
232076,愛知県,豊川市,level3
232084,愛知県,津島市,level3
232092,愛知県,碧南市,level3
232106,愛知県,刈谷市,level3
232114,愛知県,豊田市,level3
232122,愛知県,安城市,level3
232131,愛知県,西尾市,level3
232149,愛知県,蒲郡市,level3
232157,愛知県,犬山市,level3
232165,愛知県,常滑市,level3
232173,愛知県,江南市,level3
232190,愛知県,小牧市,level3
232203,愛知県,稲沢市,level3
232211,愛知県,新城市,level3
232220,愛知県,東海市,level3
232238,愛知県,大府市,level3
232246,愛知県,知多市,level3
232254,愛知県,知立市,level3
232262,愛知県,尾張旭市,level3
232271,愛知県,高浜市,level3
232289,愛知県,岩倉市,level3
232297,愛知県,豊明市,level3
232301,愛知県,日進市,level3
232319,愛知県,田原市,level3
232327,愛知県,愛西市,level3
232335,愛知県,清須市,level3
232343,愛知県,北名古屋市,level3
232351,愛知県,弥富市,level3
232360,愛知県,みよし市,level3
232378,愛知県,あま市,level3
232386,愛知県,長久手市,level3
233005,愛知県,愛知郡,level2
233021,愛知県,愛知郡東郷町,level3
233404,愛知県,西春日井郡,level2
233421,愛知県,西春日井郡豊山町,level3
233609,愛知県,丹羽郡,level2
233617,愛知県,丹羽郡大口町,level3
233625,愛知県,丹羽郡扶桑町,level3
234206,愛知県,海部郡,level2
234249,愛知県,海部郡大治町,level3
234257,愛知県,海部郡蟹江町,level3
234273,愛知県,海部郡飛島村,level3
234401,愛知県,知多郡,level2
234419,愛知県,知多郡阿久比町,level3
234427,愛知県,知多郡東浦町,level3
234451,愛知県,知多郡南知多町,level3
234460,愛知県,知多郡美浜町,level3
234478,愛知県,知多郡武豊町,level3
235008,愛知県,額田郡,level2
235016,愛知県,額田郡幸田町,level3
235601,愛知県,北設楽郡,level2
235610,愛知県,北設楽郡設楽町,level3
235628,愛知県,北設楽郡東栄町,level3
235636,愛知県,北設楽郡豊根村,level3
240001,三重県,-,level1
242012,三重県,津市,level3
242021,三重県,四日市市,level3
242039,三重県,伊勢市,level3
242047,三重県,松阪市,level3
242055,三重県,桑名市,level3
242071,三重県,鈴鹿市,level3
242080,三重県,名張市,level3
242098,三重県,尾鷲市,level3
242101,三重県,亀山市,level3
242110,三重県,鳥羽市,level3
242128,三重県,熊野市,level3
242144,三重県,いなべ市,level3
242152,三重県,志摩市,level3
242161,三重県,伊賀市,level3
243001,三重県,桑名郡,level2
243035,三重県,桑名郡木曽岬町,level3
243205,三重県,員弁郡,level2
243248,三重県,員弁郡東員町,level3
243400,三重県,三重郡,level2
243418,三重県,三重郡菰野町,level3
243434,三重県,三重郡朝日町,level3
243442,三重県,三重郡川越町,level3
244406,三重県,多気郡,level2
244414,三重県,多気郡多気町,level3
244422,三重県,多気郡明和町,level3
244431,三重県,多気郡大台町,level3
244601,三重県,度会郡,level2
244619,三重県,度会郡玉城町,level3
244708,三重県,度会郡度会町,level3
244716,三重県,度会郡大紀町,level3
244724,三重県,度会郡南伊勢町,level3
245402,三重県,北牟婁郡,level2
245437,三重県,北牟婁郡紀北町,level3
245607,三重県,南牟婁郡,level2
245615,三重県,南牟婁郡御浜町,level3
245623,三重県,南牟婁郡紀宝町,level3
250007,滋賀県,-,level1
252018,滋賀県,大津市,level3
252026,滋賀県,彦根市,level3
252034,滋賀県,長浜市,level3
252042,滋賀県,近江八幡市,level3
252069,滋賀県,草津市,level3
252077,滋賀県,守山市,level3
252085,滋賀県,栗東市,level3
252093,滋賀県,甲賀市,level3
252107,滋賀県,野洲市,level3
252115,滋賀県,湖南市,level3
252123,滋賀県,高島市,level3
252131,滋賀県,東近江市,level3
252140,滋賀県,米原市,level3
253804,滋賀県,蒲生郡,level2
253839,滋賀県,蒲生郡日野町,level3
253847,滋賀県,蒲生郡竜王町,level3
254207,滋賀県,愛知郡,level2
254258,滋賀県,愛知郡愛荘町,level3
254401,滋賀県,犬上郡,level2
254410,滋賀県,犬上郡豊郷町,level3
254428,滋賀県,犬上郡甲良町,level3
254436,滋賀県,犬上郡多賀町,level3
260002,京都府,-,level1
261009,京都府,京都市,level2
261017,京都府,京都市北区,level3
261025,京都府,京都市上京区,level3
261033,京都府,京都市左京区,level3
261041,京都府,京都市中京区,level3
261050,京都府,京都市東山区,level3
261068,京都府,京都市下京区,level3
261076,京都府,京都市南区,level3
261084,京都府,京都市右京区,level3
261092,京都府,京都市伏見区,level3
261106,京都府,京都市山科区,level3
261114,京都府,京都市西京区,level3
262013,京都府,福知山市,level3
262021,京都府,舞鶴市,level3
262030,京都府,綾部市,level3
262048,京都府,宇治市,level3
262056,京都府,宮津市,level3
262064,京都府,亀岡市,level3
262072,京都府,城陽市,level3
262081,京都府,向日市,level3
262099,京都府,長岡京市,level3
262102,京都府,八幡市,level3
262111,京都府,京田辺市,level3
262129,京都府,京丹後市,level3
262137,京都府,南丹市,level3
262145,京都府,木津川市,level3
263001,京都府,乙訓郡,level2
263036,京都府,乙訓郡大山崎町,level3
263206,京都府,久世郡,level2
263222,京都府,久世郡久御山町,level3
263401,京都府,綴喜郡,level2
263435,京都府,綴喜郡井手町,level3
263443,京都府,綴喜郡宇治田原町,level3
263605,京都府,相楽郡,level2
263648,京都府,相楽郡笠置町,level3
263656,京都府,相楽郡和束町,level3
263664,京都府,相楽郡精華町,level3
263672,京都府,相楽郡南山城村,level3
264008,京都府,船井郡,level2
264075,京都府,船井郡京丹波町,level3
264601,京都府,与謝郡,level2
264636,京都府,与謝郡伊根町,level3
264652,京都府,与謝郡与謝野町,level3
270008,大阪府,-,level1
271004,大阪府,大阪市,level2
271021,大阪府,大阪市都島区,level3
271039,大阪府,大阪市福島区,level3
271047,大阪府,大阪市此花区,level3
271063,大阪府,大阪市西区,level3
271071,大阪府,大阪市港区,level3
271080,大阪府,大阪市大正区,level3
271098,大阪府,大阪市天王寺区,level3
271110,大阪府,大阪市浪速区,level3
271136,大阪府,大阪市西淀川区,level3
271144,大阪府,大阪市東淀川区,level3
271152,大阪府,大阪市東成区,level3
271161,大阪府,大阪市生野区,level3
271179,大阪府,大阪市旭区,level3
271187,大阪府,大阪市城東区,level3
271195,大阪府,大阪市阿倍野区,level3
271209,大阪府,大阪市住吉区,level3
271217,大阪府,大阪市東住吉区,level3
271225,大阪府,大阪市西成区,level3
271233,大阪府,大阪市淀川区,level3
271241,大阪府,大阪市鶴見区,level3
271250,大阪府,大阪市住之江区,level3
271268,大阪府,大阪市平野区,level3
271276,大阪府,大阪市北区,level3
271284,大阪府,大阪市中央区,level3
271403,大阪府,堺市,level2
271411,大阪府,堺市堺区,level3
271420,大阪府,堺市中区,level3
271438,大阪府,堺市東区,level3
271446,大阪府,堺市西区,level3
271454,大阪府,堺市南区,level3
271462,大阪府,堺市北区,level3
271471,大阪府,堺市美原区,level3
272027,大阪府,岸和田市,level3
272035,大阪府,豊中市,level3
272043,大阪府,池田市,level3
272051,大阪府,吹田市,level3
272060,大阪府,泉大津市,level3
272078,大阪府,高槻市,level3
272086,大阪府,貝塚市,level3
272094,大阪府,守口市,level3
272108,大阪府,枚方市,level3
272116,大阪府,茨木市,level3
272124,大阪府,八尾市,level3
272132,大阪府,泉佐野市,level3
272141,大阪府,富田林市,level3
272159,大阪府,寝屋川市,level3
272167,大阪府,河内長野市,level3
272175,大阪府,松原市,level3
272183,大阪府,大東市,level3
272191,大阪府,和泉市,level3
272205,大阪府,箕面市,level3
272213,大阪府,柏原市,level3
272221,大阪府,羽曳野市,level3
272230,大阪府,門真市,level3
272248,大阪府,摂津市,level3
272256,大阪府,高石市,level3
272264,大阪府,藤井寺市,level3
272272,大阪府,東大阪市,level3
272281,大阪府,泉南市,level3
272299,大阪府,四條畷市,level3
272302,大阪府,交野市,level3
272311,大阪府,大阪狭山市,level3
272329,大阪府,阪南市,level3
273007,大阪府,三島郡,level2
273015,大阪府,三島郡島本町,level3
273201,大阪府,豊能郡,level2
273210,大阪府,豊能郡豊能町,level3
273228,大阪府,豊能郡能勢町,level3
273406,大阪府,泉北郡,level2
273414,大阪府,泉北郡忠岡町,level3
273601,大阪府,泉南郡,level2
273619,大阪府,泉南郡熊取町,level3
273627,大阪府,泉南郡田尻町,level3
273660,大阪府,泉南郡岬町,level3
273805,大阪府,南河内郡,level2
273813,大阪府,南河内郡太子町,level3
273821,大阪府,南河内郡河南町,level3
273830,大阪府,南河内郡千早赤阪村,level3
280003,兵庫県,-,level1
281000,兵庫県,神戸市,level2
281018,兵庫県,神戸市東灘区,level3
281026,兵庫県,神戸市灘区,level3
281051,兵庫県,神戸市兵庫区,level3
281069,兵庫県,神戸市長田区,level3
281077,兵庫県,神戸市須磨区,level3
281085,兵庫県,神戸市垂水区,level3
281093,兵庫県,神戸市北区,level3
281107,兵庫県,神戸市中央区,level3
281115,兵庫県,神戸市西区,level3
282014,兵庫県,姫路市,level3
282022,兵庫県,尼崎市,level3
282031,兵庫県,明石市,level3
282049,兵庫県,西宮市,level3
282057,兵庫県,洲本市,level3
282065,兵庫県,芦屋市,level3
282073,兵庫県,伊丹市,level3
282081,兵庫県,相生市,level3
282090,兵庫県,豊岡市,level3
282103,兵庫県,加古川市,level3
282120,兵庫県,赤穂市,level3
282138,兵庫県,西脇市,level3
282146,兵庫県,宝塚市,level3
282154,兵庫県,三木市,level3
282162,兵庫県,高砂市,level3
282171,兵庫県,川西市,level3
282189,兵庫県,小野市,level3
282197,兵庫県,三田市,level3
282201,兵庫県,加西市,level3
282219,兵庫県,丹波篠山市,level3
282227,兵庫県,養父市,level3
282235,兵庫県,丹波市,level3
282243,兵庫県,南あわじ市,level3
282251,兵庫県,朝来市,level3
282260,兵庫県,淡路市,level3
282278,兵庫県,宍粟市,level3
282286,兵庫県,加東市,level3
282294,兵庫県,たつの市,level3
283002,兵庫県,川辺郡,level2
283011,兵庫県,川辺郡猪名川町,level3
283606,兵庫県,多可郡,level2
283657,兵庫県,多可郡多可町,level3
283801,兵庫県,加古郡,level2
283819,兵庫県,加古郡稲美町,level3
283827,兵庫県,加古郡播磨町,level3
284408,兵庫県,神崎郡,level2
284424,兵庫県,神崎郡市川町,level3
284432,兵庫県,神崎郡福崎町,level3
284467,兵庫県,神崎郡神河町,level3
284602,兵庫県,揖保郡,level2
284645,兵庫県,揖保郡太子町,level3
284807,兵庫県,赤穂郡,level2
284815,兵庫県,赤穂郡上郡町,level3
285005,兵庫県,佐用郡,level2
285013,兵庫県,佐用郡佐用町,level3
285803,兵庫県,美方郡,level2
285854,兵庫県,美方郡香美町,level3
285862,兵庫県,美方郡新温泉町,level3
290009,奈良県,-,level1
292010,奈良県,奈良市,level3
292028,奈良県,大和高田市,level3
292036,奈良県,大和郡山市,level3
292044,奈良県,天理市,level3
292052,奈良県,橿原市,level3
292061,奈良県,桜井市,level3
292079,奈良県,五條市,level3
292087,奈良県,御所市,level3
292095,奈良県,生駒市,level3
292109,奈良県,香芝市,level3
292117,奈良県,葛城市,level3
292125,奈良県,宇陀市,level3
293202,奈良県,山辺郡,level2
293229,奈良県,山辺郡山添村,level3
293407,奈良県,生駒郡,level2
293423,奈良県,生駒郡平群町,level3
293431,奈良県,生駒郡三郷町,level3
293440,奈良県,生駒郡斑鳩町,level3
293458,奈良県,生駒郡安堵町,level3
293601,奈良県,磯城郡,level2
293610,奈良県,磯城郡川西町,level3
293628,奈良県,磯城郡三宅町,level3
293636,奈良県,磯城郡田原本町,level3
293806,奈良県,宇陀郡,level2
293857,奈良県,宇陀郡曽爾村,level3
293865,奈良県,宇陀郡御杖村,level3
294004,奈良県,高市郡,level2
294012,奈良県,高市郡高取町,level3
294021,奈良県,高市郡明日香村,level3
294209,奈良県,北葛城郡,level2
294241,奈良県,北葛城郡上牧町,level3
294250,奈良県,北葛城郡王寺町,level3
294268,奈良県,北葛城郡広陵町,level3
294276,奈良県,北葛城郡河合町,level3
294403,奈良県,吉野郡,level2
294411,奈良県,吉野郡吉野町,level3
294420,奈良県,吉野郡大淀町,level3
294438,奈良県,吉野郡下市町,level3
294446,奈良県,吉野郡黒滝村,level3
294462,奈良県,吉野郡天川村,level3
294471,奈良県,吉野郡野迫川村,level3
294497,奈良県,吉野郡十津川村,level3
294501,奈良県,吉野郡下北山村,level3
294519,奈良県,吉野郡上北山村,level3
294527,奈良県,吉野郡川上村,level3
294535,奈良県,吉野郡東吉野村,level3
300004,和歌山県,-,level1
302015,和歌山県,和歌山市,level3
302023,和歌山県,海南市,level3
302031,和歌山県,橋本市,level3
302040,和歌山県,有田市,level3
302058,和歌山県,御坊市,level3
302066,和歌山県,田辺市,level3
302074,和歌山県,新宮市,level3
302082,和歌山県,紀の川市,level3
302091,和歌山県,岩出市,level3
303003,和歌山県,海草郡,level2
303046,和歌山県,海草郡紀美野町,level3
303402,和歌山県,伊都郡,level2
303411,和歌山県,伊都郡かつらぎ町,level3
303437,和歌山県,伊都郡九度山町,level3
303445,和歌山県,伊都郡高野町,level3
303607,和歌山県,有田郡,level2
303615,和歌山県,有田郡湯浅町,level3
303623,和歌山県,有田郡広川町,level3
303666,和歌山県,有田郡有田川町,level3
303801,和歌山県,日高郡,level2
303810,和歌山県,日高郡美浜町,level3
303828,和歌山県,日高郡日高町,level3
303836,和歌山県,日高郡由良町,level3
303909,和歌山県,日高郡印南町,level3
303917,和歌山県,日高郡みなべ町,level3
303925,和歌山県,日高郡日高川町,level3
304000,和歌山県,西牟婁郡,level2
304018,和歌山県,西牟婁郡白浜町,level3
304042,和歌山県,西牟婁郡上富田町,level3
304069,和歌山県,西牟婁郡すさみ町,level3
304204,和歌山県,東牟婁郡,level2
304212,和歌山県,東牟婁郡那智勝浦町,level3
304221,和歌山県,東牟婁郡太地町,level3
304247,和歌山県,東牟婁郡古座川町,level3
304271,和歌山県,東牟婁郡北山村,level3
304280,和歌山県,東牟婁郡串本町,level3
310000,鳥取県,-,level1
312011,鳥取県,鳥取市,level3
312029,鳥取県,米子市,level3
312037,鳥取県,倉吉市,level3
312045,鳥取県,境港市,level3
313009,鳥取県,岩美郡,level2
313025,鳥取県,岩美郡岩美町,level3
313203,鳥取県,八頭郡,level2
313254,鳥取県,八頭郡若桜町,level3
313289,鳥取県,八頭郡智頭町,level3
313297,鳥取県,八頭郡八頭町,level3
313602,鳥取県,東伯郡,level2
313645,鳥取県,東伯郡三朝町,level3
313700,鳥取県,東伯郡湯梨浜町,level3
313718,鳥取県,東伯郡琴浦町,level3
313726,鳥取県,東伯郡北栄町,level3
313807,鳥取県,西伯郡,level2
313840,鳥取県,西伯郡日吉津村,level3
313866,鳥取県,西伯郡大山町,level3
313891,鳥取県,西伯郡南部町,level3
313904,鳥取県,西伯郡伯耆町,level3
314005,鳥取県,日野郡,level2
314013,鳥取県,日野郡日南町,level3
314021,鳥取県,日野郡日野町,level3
314030,鳥取県,日野郡江府町,level3
320005,島根県,-,level1
322016,島根県,松江市,level3
322024,島根県,浜田市,level3
322032,島根県,出雲市,level3
322041,島根県,益田市,level3
322059,島根県,大田市,level3
322067,島根県,安来市,level3
322075,島根県,江津市,level3
322091,島根県,雲南市,level3
323403,島根県,仁多郡,level2
323438,島根県,仁多郡奥出雲町,level3
323802,島根県,飯石郡,level2
323861,島根県,飯石郡飯南町,level3
324400,島根県,邑智郡,level2
324418,島根県,邑智郡川本町,level3
324485,島根県,邑智郡美郷町,level3
324493,島根県,邑智郡邑南町,level3
325007,島根県,鹿足郡,level2
325015,島根県,鹿足郡津和野町,level3
325058,島根県,鹿足郡吉賀町,level3
325201,島根県,隠岐郡,level2
325252,島根県,隠岐郡海士町,level3
325261,島根県,隠岐郡西ノ島町,level3
325279,島根県,隠岐郡知夫村,level3
325287,島根県,隠岐郡隠岐の島町,level3
330001,岡山県,-,level1
331007,岡山県,岡山市,level2
331015,岡山県,岡山市北区,level3
331023,岡山県,岡山市中区,level3
331031,岡山県,岡山市東区,level3
331040,岡山県,岡山市南区,level3
332020,岡山県,倉敷市,level3
332038,岡山県,津山市,level3
332046,岡山県,玉野市,level3
332054,岡山県,笠岡市,level3
332071,岡山県,井原市,level3
332089,岡山県,総社市,level3
332097,岡山県,高梁市,level3
332101,岡山県,新見市,level3
332119,岡山県,備前市,level3
332127,岡山県,瀬戸内市,level3
332135,岡山県,赤磐市,level3
332143,岡山県,真庭市,level3
332151,岡山県,美作市,level3
332160,岡山県,浅口市,level3
333409,岡山県,和気郡,level2
333468,岡山県,和気郡和気町,level3
334201,岡山県,都窪郡,level2
334235,岡山県,都窪郡早島町,level3
334405,岡山県,浅口郡,level2
334456,岡山県,浅口郡里庄町,level3
334600,岡山県,小田郡,level2
334618,岡山県,小田郡矢掛町,level3
335801,岡山県,真庭郡,level2
335860,岡山県,真庭郡新庄村,level3
336009,岡山県,苫田郡,level2
336068,岡山県,苫田郡鏡野町,level3
336203,岡山県,勝田郡,level2
336220,岡山県,勝田郡勝央町,level3
336238,岡山県,勝田郡奈義町,level3
336408,岡山県,英田郡,level2
336432,岡山県,英田郡西粟倉村,level3
336602,岡山県,久米郡,level2
336637,岡山県,久米郡久米南町,level3
336661,岡山県,久米郡美咲町,level3
336807,岡山県,加賀郡,level2
336815,岡山県,加賀郡吉備中央町,level3
340006,広島県,-,level1
341002,広島県,広島市,level2
341011,広島県,広島市中区,level3
341029,広島県,広島市東区,level3
341037,広島県,広島市南区,level3
341045,広島県,広島市西区,level3
341053,広島県,広島市安佐南区,level3
341061,広島県,広島市安佐北区,level3
341070,広島県,広島市安芸区,level3
341088,広島県,広島市佐伯区,level3
342025,広島県,呉市,level3
342033,広島県,竹原市,level3
342041,広島県,三原市,level3
342050,広島県,尾道市,level3
342076,広島県,福山市,level3
342084,広島県,府中市,level3
342092,広島県,三次市,level3
342106,広島県,庄原市,level3
342114,広島県,大竹市,level3
342122,広島県,東広島市,level3
342131,広島県,廿日市市,level3
342149,広島県,安芸高田市,level3
342157,広島県,江田島市,level3
343005,広島県,安芸郡,level2
343021,広島県,安芸郡府中町,level3
343048,広島県,安芸郡海田町,level3
343072,広島県,安芸郡熊野町,level3
343099,広島県,安芸郡坂町,level3
343609,広島県,山県郡,level2
343684,広島県,山県郡安芸太田町,level3
343692,広島県,山県郡北広島町,level3
344206,広島県,豊田郡,level2
344311,広島県,豊田郡大崎上島町,level3
344605,広島県,世羅郡,level2
344621,広島県,世羅郡世羅町,level3
345407,広島県,神石郡,level2
345458,広島県,神石郡神石高原町,level3
350001,山口県,-,level1
352012,山口県,下関市,level3
352021,山口県,宇部市,level3
352039,山口県,山口市,level3
352047,山口県,萩市,level3
352063,山口県,防府市,level3
352071,山口県,下松市,level3
352080,山口県,岩国市,level3
352101,山口県,光市,level3
352110,山口県,長門市,level3
352128,山口県,柳井市,level3
352136,山口県,美祢市,level3
352152,山口県,周南市,level3
352161,山口県,山陽小野田市,level3
353001,山口県,大島郡,level2
353051,山口県,大島郡周防大島町,level3
353205,山口県,玖珂郡,level2
353213,山口県,玖珂郡和木町,level3
353400,山口県,熊毛郡,level2
353418,山口県,熊毛郡上関町,level3
353434,山口県,熊毛郡田布施町,level3
353442,山口県,熊毛郡平生町,level3
355003,山口県,阿武郡,level2
355020,山口県,阿武郡阿武町,level3
360007,徳島県,-,level1
362018,徳島県,徳島市,level3
362026,徳島県,鳴門市,level3
362034,徳島県,小松島市,level3
362042,徳島県,阿南市,level3
362051,徳島県,吉野川市,level3
362069,徳島県,阿波市,level3
362077,徳島県,美馬市,level3
362085,徳島県,三好市,level3
363006,徳島県,勝浦郡,level2
363014,徳島県,勝浦郡勝浦町,level3
363022,徳島県,勝浦郡上勝町,level3
363201,徳島県,名東郡,level2
363219,徳島県,名東郡佐那河内村,level3
363405,徳島県,名西郡,level2
363413,徳島県,名西郡石井町,level3
363421,徳島県,名西郡神山町,level3
363600,徳島県,那賀郡,level2
363685,徳島県,那賀郡那賀町,level3
363804,徳島県,海部郡,level2
363839,徳島県,海部郡牟岐町,level3
363871,徳島県,海部郡美波町,level3
363880,徳島県,海部郡海陽町,level3
364002,徳島県,板野郡,level2
364011,徳島県,板野郡松茂町,level3
364029,徳島県,板野郡北島町,level3
364037,徳島県,板野郡藍住町,level3
364045,徳島県,板野郡板野町,level3
364053,徳島県,板野郡上板町,level3
364606,徳島県,美馬郡,level2
364681,徳島県,美馬郡つるぎ町,level3
364801,徳島県,三好郡,level2
364894,徳島県,三好郡東みよし町,level3
370002,香川県,-,level1
372013,香川県,高松市,level3
372021,香川県,丸亀市,level3
372030,香川県,坂出市,level3
372048,香川県,善通寺市,level3
372056,香川県,観音寺市,level3
372064,香川県,さぬき市,level3
372072,香川県,東かがわ市,level3
372081,香川県,三豊市,level3
373206,香川県,小豆郡,level2
373222,香川県,小豆郡土庄町,level3
373249,香川県,小豆郡小豆島町,level3
373401,香川県,木田郡,level2
373419,香川県,木田郡三木町,level3
373605,香川県,香川郡,level2
373648,香川県,香川郡直島町,level3
373800,香川県,綾歌郡,level2
373869,香川県,綾歌郡宇多津町,level3
373877,香川県,綾歌郡綾川町,level3
374008,香川県,仲多度郡,level2
374032,香川県,仲多度郡琴平町,level3
374041,香川県,仲多度郡多度津町,level3
374067,香川県,仲多度郡まんのう町,level3
380008,愛媛県,-,level1
382019,愛媛県,松山市,level3
382027,愛媛県,今治市,level3
382035,愛媛県,宇和島市,level3
382043,愛媛県,八幡浜市,level3
382051,愛媛県,新居浜市,level3
382060,愛媛県,西条市,level3
382078,愛媛県,大洲市,level3
382108,愛媛県,伊予市,level3
382132,愛媛県,四国中央市,level3
382141,愛媛県,西予市,level3
382159,愛媛県,東温市,level3
383406,愛媛県,越智郡,level2
383562,愛媛県,越智郡上島町,level3
383805,愛媛県,上浮穴郡,level2
383864,愛媛県,上浮穴郡久万高原町,level3
384003,愛媛県,伊予郡,level2
384011,愛媛県,伊予郡松前町,level3
384020,愛媛県,伊予郡砥部町,level3
384208,愛媛県,喜多郡,level2
384224,愛媛県,喜多郡内子町,level3
384402,愛媛県,西宇和郡,level2
384429,愛媛県,西宇和郡伊方町,level3
384801,愛媛県,北宇和郡,level2
384844,愛媛県,北宇和郡松野町,level3
384887,愛媛県,北宇和郡鬼北町,level3
385000,愛媛県,南宇和郡,level2
385069,愛媛県,南宇和郡愛南町,level3
390003,高知県,-,level1
392014,高知県,高知市,level3
392022,高知県,室戸市,level3
392031,高知県,安芸市,level3
392049,高知県,南国市,level3
392057,高知県,土佐市,level3
392065,高知県,須崎市,level3
392081,高知県,宿毛市,level3
392090,高知県,土佐清水市,level3
392103,高知県,四万十市,level3
392111,高知県,香南市,level3
392120,高知県,香美市,level3
393002,高知県,安芸郡,level2
393011,高知県,安芸郡東洋町,level3
393029,高知県,安芸郡奈半利町,level3
393037,高知県,安芸郡田野町,level3
393045,高知県,安芸郡安田町,level3
393053,高知県,安芸郡北川村,level3
393061,高知県,安芸郡馬路村,level3
393070,高知県,安芸郡芸西村,level3
393401,高知県,長岡郡,level2
393410,高知県,長岡郡本山町,level3
393444,高知県,長岡郡大豊町,level3
393606,高知県,土佐郡,level2
393631,高知県,土佐郡土佐町,level3
393649,高知県,土佐郡大川村,level3
393801,高知県,吾川郡,level2
393860,高知県,吾川郡いの町,level3
393878,高知県,吾川郡仁淀川町,level3
394009,高知県,高岡郡,level2
394017,高知県,高岡郡中土佐町,level3
394025,高知県,高岡郡佐川町,level3
394033,高知県,高岡郡越知町,level3
394050,高知県,高岡郡檮原町,level3
394106,高知県,高岡郡日高村,level3
394114,高知県,高岡郡津野町,level3
394122,高知県,高岡郡四万十町,level3
394203,高知県,幡多郡,level2
394246,高知県,幡多郡大月町,level3
394271,高知県,幡多郡三原村,level3
394289,高知県,幡多郡黒潮町,level3
400009,福岡県,-,level1
401005,福岡県,北九州市,level2
401013,福岡県,北九州市門司区,level3
401030,福岡県,北九州市若松区,level3
401056,福岡県,北九州市戸畑区,level3
401064,福岡県,北九州市小倉北区,level3
401072,福岡県,北九州市小倉南区,level3
401081,福岡県,北九州市八幡東区,level3
401099,福岡県,北九州市八幡西区,level3
401307,福岡県,福岡市,level2
401315,福岡県,福岡市東区,level3
401323,福岡県,福岡市博多区,level3
401331,福岡県,福岡市中央区,level3
401340,福岡県,福岡市南区,level3
401358,福岡県,福岡市西区,level3
401366,福岡県,福岡市城南区,level3
401374,福岡県,福岡市早良区,level3
402028,福岡県,大牟田市,level3
402036,福岡県,久留米市,level3
402044,福岡県,直方市,level3
402052,福岡県,飯塚市,level3
402061,福岡県,田川市,level3
402079,福岡県,柳川市,level3
402109,福岡県,八女市,level3
402117,福岡県,筑後市,level3
402125,福岡県,大川市,level3
402133,福岡県,行橋市,level3
402141,福岡県,豊前市,level3
402150,福岡県,中間市,level3
402168,福岡県,小郡市,level3
402176,福岡県,筑紫野市,level3
402184,福岡県,春日市,level3
402192,福岡県,大野城市,level3
402206,福岡県,宗像市,level3
402214,福岡県,太宰府市,level3
402231,福岡県,古賀市,level3
402249,福岡県,福津市,level3
402257,福岡県,うきは市,level3
402265,福岡県,宮若市,level3
402273,福岡県,嘉麻市,level3
402281,福岡県,朝倉市,level3
402290,福岡県,みやま市,level3
402303,福岡県,糸島市,level3
402311,福岡県,那珂川市,level3
403407,福岡県,糟屋郡,level2
403415,福岡県,糟屋郡宇美町,level3
403423,福岡県,糟屋郡篠栗町,level3
403431,福岡県,糟屋郡志免町,level3
403440,福岡県,糟屋郡須惠町,level3
403458,福岡県,糟屋郡新宮町,level3
403482,福岡県,糟屋郡久山町,level3
403491,福岡県,糟屋郡粕屋町,level3
403806,福岡県,遠賀郡,level2
403814,福岡県,遠賀郡芦屋町,level3
403822,福岡県,遠賀郡水巻町,level3
403831,福岡県,遠賀郡岡垣町,level3
403849,福岡県,遠賀郡遠賀町,level3
404004,福岡県,鞍手郡,level2
404012,福岡県,鞍手郡小竹町,level3
404021,福岡県,鞍手郡鞍手町,level3
404209,福岡県,嘉穂郡,level2
404217,福岡県,嘉穂郡桂川町,level3
404403,福岡県,朝倉郡,level2
404471,福岡県,朝倉郡筑前町,level3
404489,福岡県,朝倉郡東峰村,level3
405001,福岡県,三井郡,level2
405035,福岡県,三井郡大刀洗町,level3
405205,福岡県,三潴郡,level2
405221,福岡県,三潴郡大木町,level3
405400,福岡県,八女郡,level2
405442,福岡県,八女郡広川町,level3
406007,福岡県,田川郡,level2
406015,福岡県,田川郡香春町,level3
406023,福岡県,田川郡添田町,level3
406040,福岡県,田川郡糸田町,level3
406058,福岡県,田川郡川崎町,level3
406082,福岡県,田川郡大任町,level3
406091,福岡県,田川郡赤村,level3
406104,福岡県,田川郡福智町,level3
406201,福岡県,京都郡,level2
406210,福岡県,京都郡苅田町,level3
406252,福岡県,京都郡みやこ町,level3
406406,福岡県,築上郡,level2
406422,福岡県,築上郡吉富町,level3
406465,福岡県,築上郡上毛町,level3
406473,福岡県,築上郡築上町,level3
410004,佐賀県,-,level1
412015,佐賀県,佐賀市,level3
412023,佐賀県,唐津市,level3
412031,佐賀県,鳥栖市,level3
412040,佐賀県,多久市,level3
412058,佐賀県,伊万里市,level3
412066,佐賀県,武雄市,level3
412074,佐賀県,鹿島市,level3
412082,佐賀県,小城市,level3
412091,佐賀県,嬉野市,level3
412104,佐賀県,神埼市,level3
413208,佐賀県,神埼郡,level2
413275,佐賀県,神埼郡吉野ヶ里町,level3
413402,佐賀県,三養基郡,level2
413411,佐賀県,三養基郡基山町,level3
413453,佐賀県,三養基郡上峰町,level3
413461,佐賀県,三養基郡みやき町,level3
413801,佐賀県,東松浦郡,level2
413879,佐賀県,東松浦郡玄海町,level3
414000,佐賀県,西松浦郡,level2
414018,佐賀県,西松浦郡有田町,level3
414204,佐賀県,杵島郡,level2
414239,佐賀県,杵島郡大町町,level3
414247,佐賀県,杵島郡江北町,level3
414255,佐賀県,杵島郡白石町,level3
414409,佐賀県,藤津郡,level2
414417,佐賀県,藤津郡太良町,level3
420000,長崎県,-,level1
422011,長崎県,長崎市,level3
422029,長崎県,佐世保市,level3
422037,長崎県,島原市,level3
422045,長崎県,諫早市,level3
422053,長崎県,大村市,level3
422070,長崎県,平戸市,level3
422088,長崎県,松浦市,level3
422096,長崎県,対馬市,level3
422100,長崎県,壱岐市,level3
422118,長崎県,五島市,level3
422126,長崎県,西海市,level3
422134,長崎県,雲仙市,level3
422142,長崎県,南島原市,level3
423009,長崎県,西彼杵郡,level2
423076,長崎県,西彼杵郡長与町,level3
423084,長崎県,西彼杵郡時津町,level3
423203,長崎県,東彼杵郡,level2
423211,長崎県,東彼杵郡東彼杵町,level3
423220,長崎県,東彼杵郡川棚町,level3
423238,長崎県,東彼杵郡波佐見町,level3
423807,長崎県,北松浦郡,level2
423831,長崎県,北松浦郡小値賀町,level3
423912,長崎県,北松浦郡佐々町,level3
424005,長崎県,南松浦郡,level2
424111,長崎県,南松浦郡新上五島町,level3
430005,熊本県,-,level1
431001,熊本県,熊本市,level2
431010,熊本県,熊本市中央区,level3
431028,熊本県,熊本市東区,level3
431036,熊本県,熊本市西区,level3
431044,熊本県,熊本市南区,level3
431052,熊本県,熊本市北区,level3
432024,熊本県,八代市,level3
432032,熊本県,人吉市,level3
432041,熊本県,荒尾市,level3
432059,熊本県,水俣市,level3
432067,熊本県,玉名市,level3
432083,熊本県,山鹿市,level3
432105,熊本県,菊池市,level3
432113,熊本県,宇土市,level3
432121,熊本県,上天草市,level3
432130,熊本県,宇城市,level3
432148,熊本県,阿蘇市,level3
432156,熊本県,天草市,level3
432164,熊本県,合志市,level3
433403,熊本県,下益城郡,level2
433489,熊本県,下益城郡美里町,level3
433608,熊本県,玉名郡,level2
433641,熊本県,玉名郡玉東町,level3
433675,熊本県,玉名郡南関町,level3
433683,熊本県,玉名郡長洲町,level3
433691,熊本県,玉名郡和水町,level3
434001,熊本県,菊池郡,level2
434035,熊本県,菊池郡大津町,level3
434043,熊本県,菊池郡菊陽町,level3
434205,熊本県,阿蘇郡,level2
434230,熊本県,阿蘇郡南小国町,level3
434248,熊本県,阿蘇郡小国町,level3
434256,熊本県,阿蘇郡産山村,level3
434281,熊本県,阿蘇郡高森町,level3
434329,熊本県,阿蘇郡西原村,level3
434337,熊本県,阿蘇郡南阿蘇村,level3
434400,熊本県,上益城郡,level2
434418,熊本県,上益城郡御船町,level3
434426,熊本県,上益城郡嘉島町,level3
434434,熊本県,上益城郡益城町,level3
434442,熊本県,上益城郡甲佐町,level3
434477,熊本県,上益城郡山都町,level3
434604,熊本県,八代郡,level2
434680,熊本県,八代郡氷川町,level3
434809,熊本県,葦北郡,level2
434825,熊本県,葦北郡芦北町,level3
434841,熊本県,葦北郡津奈木町,level3
435007,熊本県,球磨郡,level2
435015,熊本県,球磨郡錦町,level3
435058,熊本県,球磨郡多良木町,level3
435066,熊本県,球磨郡湯前町,level3
435074,熊本県,球磨郡水上村,level3
435104,熊本県,球磨郡相良村,level3
435112,熊本県,球磨郡五木村,level3
435121,熊本県,球磨郡山江村,level3
435139,熊本県,球磨郡球磨村,level3
435147,熊本県,球磨郡あさぎり町,level3
435201,熊本県,天草郡,level2
435317,熊本県,天草郡苓北町,level3
440001,大分県,-,level1
442011,大分県,大分市,level3
442020,大分県,別府市,level3
442038,大分県,中津市,level3
442046,大分県,日田市,level3
442054,大分県,佐伯市,level3
442062,大分県,臼杵市,level3
442071,大分県,津久見市,level3
442089,大分県,竹田市,level3
442097,大分県,豊後高田市,level3
442101,大分県,杵築市,level3
442119,大分県,宇佐市,level3
442127,大分県,豊後大野市,level3
442135,大分県,由布市,level3
442143,大分県,国東市,level3
443204,大分県,東国東郡,level2
443221,大分県,東国東郡姫島村,level3
443409,大分県,速見郡,level2
443417,大分県,速見郡日出町,level3
444600,大分県,玖珠郡,level2
444618,大分県,玖珠郡九重町,level3
444626,大分県,玖珠郡玖珠町,level3
450006,宮崎県,-,level1
452017,宮崎県,宮崎市,level3
452025,宮崎県,都城市,level3
452033,宮崎県,延岡市,level3
452041,宮崎県,日南市,level3
452050,宮崎県,小林市,level3
452068,宮崎県,日向市,level3
452076,宮崎県,串間市,level3
452084,宮崎県,西都市,level3
452092,宮崎県,えびの市,level3
453404,宮崎県,北諸県郡,level2
453412,宮崎県,北諸県郡三股町,level3
453609,宮崎県,西諸県郡,level2
453617,宮崎県,西諸県郡高原町,level3
453803,宮崎県,東諸県郡,level2
453820,宮崎県,東諸県郡国富町,level3
453838,宮崎県,東諸県郡綾町,level3
454001,宮崎県,児湯郡,level2
454010,宮崎県,児湯郡高鍋町,level3
454028,宮崎県,児湯郡新富町,level3
454036,宮崎県,児湯郡西米良村,level3
454044,宮崎県,児湯郡木城町,level3
454052,宮崎県,児湯郡川南町,level3
454061,宮崎県,児湯郡都農町,level3
454206,宮崎県,東臼杵郡,level2
454214,宮崎県,東臼杵郡門川町,level3
454290,宮崎県,東臼杵郡諸塚村,level3
454303,宮崎県,東臼杵郡椎葉村,level3
454311,宮崎県,東臼杵郡美郷町,level3
454401,宮崎県,西臼杵郡,level2
454419,宮崎県,西臼杵郡高千穂町,level3
454427,宮崎県,西臼杵郡日之影町,level3
454435,宮崎県,西臼杵郡五ヶ瀬町,level3
460001,鹿児島県,-,level1
462012,鹿児島県,鹿児島市,level3
462039,鹿児島県,鹿屋市,level3
462047,鹿児島県,枕崎市,level3
462063,鹿児島県,阿久根市,level3
462080,鹿児島県,出水市,level3
462101,鹿児島県,指宿市,level3
462136,鹿児島県,西之表市,level3
462144,鹿児島県,垂水市,level3
462152,鹿児島県,薩摩川内市,level3
462161,鹿児島県,日置市,level3
462179,鹿児島県,曽於市,level3
462187,鹿児島県,霧島市,level3
462195,鹿児島県,いちき串木野市,level3
462209,鹿児島県,南さつま市,level3
462217,鹿児島県,志布志市,level3
462225,鹿児島県,奄美市,level3
462233,鹿児島県,南九州市,level3
462241,鹿児島県,伊佐市,level3
462250,鹿児島県,姶良市,level3
463001,鹿児島県,鹿児島郡,level2
463035,鹿児島県,鹿児島郡三島村,level3
463043,鹿児島県,鹿児島郡十島村,level3
463809,鹿児島県,薩摩郡,level2
463922,鹿児島県,薩摩郡さつま町,level3
464007,鹿児島県,出水郡,level2
464040,鹿児島県,出水郡長島町,level3
464406,鹿児島県,姶良郡,level2
464520,鹿児島県,姶良郡湧水町,level3
464601,鹿児島県,曽於郡,level2
464686,鹿児島県,曽於郡大崎町,level3
464805,鹿児島県,肝属郡,level2
464821,鹿児島県,肝属郡東串良町,level3
464902,鹿児島県,肝属郡錦江町,level3
464911,鹿児島県,肝属郡南大隅町,level3
464929,鹿児島県,肝属郡肝付町,level3
465003,鹿児島県,熊毛郡,level2
465011,鹿児島県,熊毛郡中種子町,level3
465020,鹿児島県,熊毛郡南種子町,level3
465054,鹿児島県,熊毛郡屋久島町,level3
465208,鹿児島県,大島郡,level2
465232,鹿児島県,大島郡大和村,level3
465241,鹿児島県,大島郡宇検村,level3
465259,鹿児島県,大島郡瀬戸内町,level3
465275,鹿児島県,大島郡龍郷町,level3
465291,鹿児島県,大島郡喜界町,level3
465305,鹿児島県,大島郡徳之島町,level3
465313,鹿児島県,大島郡天城町,level3
465321,鹿児島県,大島郡伊仙町,level3
465330,鹿児島県,大島郡和泊町,level3
465348,鹿児島県,大島郡知名町,level3
465356,鹿児島県,大島郡与論町,level3
470007,沖縄県,-,level1
472018,沖縄県,那覇市,level3
472051,沖縄県,宜野湾市,level3
472077,沖縄県,石垣市,level3
472085,沖縄県,浦添市,level3
472093,沖縄県,名護市,level3
472107,沖縄県,糸満市,level3
472115,沖縄県,沖縄市,level3
472123,沖縄県,豊見城市,level3
472131,沖縄県,うるま市,level3
472140,沖縄県,宮古島市,level3
472158,沖縄県,南城市,level3
473006,沖縄県,国頭郡,level2
473014,沖縄県,国頭郡国頭村,level3
473022,沖縄県,国頭郡大宜味村,level3
473031,沖縄県,国頭郡東村,level3
473065,沖縄県,国頭郡今帰仁村,level3
473081,沖縄県,国頭郡本部町,level3
473111,沖縄県,国頭郡恩納村,level3
473138,沖縄県,国頭郡宜野座村,level3
473146,沖縄県,国頭郡金武町,level3
473154,沖縄県,国頭郡伊江村,level3
473201,沖縄県,中頭郡,level2
473243,沖縄県,中頭郡読谷村,level3
473251,沖縄県,中頭郡嘉手納町,level3
473260,沖縄県,中頭郡北谷町,level3
473278,沖縄県,中頭郡北中城村,level3
473286,沖縄県,中頭郡中城村,level3
473294,沖縄県,中頭郡西原町,level3
473405,沖縄県,島尻郡,level2
473481,沖縄県,島尻郡与那原町,level3
473502,沖縄県,島尻郡南風原町,level3
473537,沖縄県,島尻郡渡嘉敷村,level3
473545,沖縄県,島尻郡座間味村,level3
473553,沖縄県,島尻郡粟国村,level3
473561,沖縄県,島尻郡渡名喜村,level3
473570,沖縄県,島尻郡南大東村,level3
473588,沖縄県,島尻郡北大東村,level3
473596,沖縄県,島尻郡伊平屋村,level3
473600,沖縄県,島尻郡伊是名村,level3
473618,沖縄県,島尻郡久米島町,level3
473626,沖縄県,島尻郡八重瀬町,level3
473707,沖縄県,宮古郡,level2
473758,沖縄県,宮古郡多良間村,level3
473804,沖縄県,八重山郡,level2
473812,沖縄県,八重山郡竹富町,level3
473821,沖縄県,八重山郡与那国町,level3
