都道府県名,市区町村名,lat,lon
三重県,いなべ市,35.143476774193545,136.52380204301073
三重県,三重郡川越町,35.026069166666666,136.67935308333333
三重県,三重郡朝日町,35.03764718181819,136.65927372727273
三重県,三重郡菰野町,35.03246351515152,136.5094765757576
三重県,亀山市,34.85660067647059,136.43148235294117
三重県,伊勢市,34.492470657894735,136.70838054605264
三重県,伊賀市,34.75384708906883,136.16622673279352
三重県,北牟婁郡紀北町,34.16156036363636,136.25828986363638
三重県,南牟婁郡御浜町,33.83423042857142,136.0095684285714
三重県,南牟婁郡紀宝町,33.76602735714285,135.98089535714286
三重県,名張市,34.62455877595629,136.11024906010928
三重県,員弁郡東員町,35.086179214285714,136.59280442857144
三重県,四日市市,34.975842640350876,136.60601194736842
三重県,多気郡多気町,34.485268295454546,136.52887520454544
三重県,多気郡大台町,34.372114780487806,136.36260141463416
三重県,多気郡明和町,34.55688910256411,136.6271456923077
三重県,尾鷲市,34.05567798305085,136.20024620338984
三重県,度会郡南伊勢町,34.305113162162165,136.60530254054055
三重県,度会郡大紀町,34.35641507142857,136.44122792857144
三重県,度会郡度会町,34.4069956875,136.59165803125
三重県,度会郡玉城町,34.487498483870965,136.62950377419355
三重県,志摩市,34.33222025,136.82088195454546
三重県,松阪市,34.56066446503497,136.48834947202798
三重県,桑名市,35.07381057530121,136.6678584879518
三重県,桑名郡木曽岬町,35.07304468181818,136.7380834090909
三重県,津市,34.71166455847953,136.46084855555554
三重県,熊野市,33.91141441818181,136.0243895090909
三重県,鈴鹿市,34.87016446341463,136.56699817073172
三重県,鳥羽市,34.46043135294117,136.85969432352942
京都府,与謝郡与謝野町,35.518863450000005,135.1066058
京都府,与謝郡伊根町,35.708952249999996,135.26691015
京都府,久世郡久御山町,34.88863018604651,135.74176367441862
京都府,乙訓郡大山崎町,34.903275795180726,135.6889353493976
京都府,亀岡市,35.021998969303425,135.5607872798111
京都府,京丹後市,35.63905347252747,135.04393674175824
京都府,京田辺市,34.80856600814332,135.76096650488597
京都府,京都市上京区,35.02720896648045,135.7513667150838
京都府,京都市下京区,34.995080835117776,135.75542702783724
京都府,京都市中京区,35.010610400000004,135.75431972444443
京都府,京都市伏見区,34.94076860688666,135.76901984505022
京都府,京都市北区,35.059448458333335,135.73652975231482
京都府,京都市南区,34.97200016666667,135.74085677777776
京都府,京都市右京区,35.03125469814503,135.69426728836427
京都府,京都市山科区,34.981912131578945,135.814344375
京都府,京都市左京区,35.051447898450945,135.7905450585198
京都府,京都市東山区,34.99576132669323,135.7753508446215
京都府,京都市西京区,34.97975261587302,135.68971803492065
京都府,八幡市,34.866614750708216,135.71727839093484
京都府,南丹市,35.113375915422885,135.4996995721393
京都府,向日市,34.946201794736844,135.70527378421053
京都府,城陽市,34.84415984210526,135.7858810736842
京都府,宇治市,34.897478571875,135.797159775
京都府,宮津市,35.562152920454544,135.20714707954545
京都府,木津川市,34.74806231400966,135.83900914251208
京都府,相楽郡南山城村,34.76685916666667,135.99552283333333
京都府,相楽郡和束町,34.79729528571429,135.91337135714284
京都府,相楽郡笠置町,34.76341425,135.946926
京都府,相楽郡精華町,34.7584818,135.78112468
京都府,福知山市,35.310318798387094,135.12988464112902
京都府,綴喜郡井手町,34.808863025,135.81058544166666
京都府,綴喜郡宇治田原町,34.85325539583334,135.87046867708332
京都府,綾部市,35.311420434673366,135.25760230276381
京都府,舞鶴市,35.46785535638298,135.35823871276597
京都府,船井郡京丹波町,35.17615459210526,135.41230124013157
京都府,長岡京市,34.92515623943662,135.6902560140845
佐賀県,三養基郡みやき町,33.31438884615385,130.44450561538463
佐賀県,三養基郡上峰町,33.32300525,130.423052
佐賀県,三養基郡基山町,33.426553999999996,130.52525459999998
佐賀県,伊万里市,33.30690407608695,129.88394820652175
佐賀県,佐賀市,33.27396476923077,130.28796232692306
佐賀県,唐津市,33.4360027734375,129.96629025390624
佐賀県,多久市,33.275982799999994,130.1189894
佐賀県,嬉野市,33.09788336,130.00491324
佐賀県,小城市,33.26613719354838,130.2051288064516
佐賀県,東松浦郡玄海町,33.47361157142857,129.86573438095238
佐賀県,杵島郡大町町,33.2184305,130.113223
佐賀県,杵島郡江北町,33.21569383333333,130.1564055
佐賀県,杵島郡白石町,33.16637479166666,130.13932108333333
佐賀県,武雄市,33.19678978571429,130.0110877857143
佐賀県,神埼市,33.302019666666666,130.36745254545454
佐賀県,神埼郡吉野ヶ里町,33.336963888888896,130.3992661111111
佐賀県,藤津郡太良町,32.98464255555555,130.18034922222222
佐賀県,西松浦郡有田町,33.19491177906977,129.87274569767442
佐賀県,鳥栖市,33.3765623877551,130.50586882653062
佐賀県,鹿島市,33.09368259090909,130.10266586363636
兵庫県,たつの市,34.86621719879518,134.53342523493976
兵庫県,三木市,34.81851339673913,135.02916461956522
兵庫県,三田市,34.915890094936714,135.20377030379746
兵庫県,丹波市,35.16426577653631,135.05685379888268
兵庫県,丹波篠山市,35.07316580590717,135.2262715443038
兵庫県,伊丹市,34.78271081841432,135.40546180306904
兵庫県,佐用郡佐用町,35.01138248958333,134.36744764583332
兵庫県,加古川市,34.77430086363636,134.85152897727272
兵庫県,加古郡播磨町,34.71822456060606,134.86898060606063
兵庫県,加古郡稲美町,34.74928383333334,134.9142961
兵庫県,加東市,34.919392762886595,134.99598593814432
兵庫県,加西市,34.92201493693694,134.8521003153153
兵庫県,南あわじ市,34.28243280769231,134.76515258461538
兵庫県,多可郡多可町,35.07707779032258,134.9093007903226
兵庫県,姫路市,34.837287680875576,134.67307040552996
兵庫県,宍粟市,35.09174469047619,134.54822736507936
兵庫県,宝塚市,34.84602734841629,135.34346236425338
兵庫県,小野市,34.85883811111111,134.94527593055557
兵庫県,尼崎市,34.733931593824224,135.41311132066508
兵庫県,川西市,34.863848063829785,135.40845001595744
兵庫県,川辺郡猪名川町,34.93193300195695,135.3555553111546
兵庫県,揖保郡太子町,34.829337307692306,134.58288712820513
兵庫県,明石市,34.666462917475734,134.96781366504854
兵庫県,朝来市,35.32871557629428,134.84384058174388
兵庫県,洲本市,34.351201974137936,134.86203174137933
兵庫県,淡路市,34.491502886363634,134.91052736363636
兵庫県,相生市,34.823960890109895,134.4637704945055
兵庫県,神崎郡市川町,35.00408796153846,134.76709003846153
兵庫県,神崎郡神河町,35.0911125,134.76811817647058
兵庫県,神崎郡福崎町,34.955976125,134.755261625
兵庫県,神戸市中央区,34.69440958839779,135.19806651933703
兵庫県,神戸市兵庫区,34.67311970967742,135.1665324451613
兵庫県,神戸市北区,34.76665262022901,135.15787941030533
兵庫県,神戸市垂水区,34.64633677441077,135.05667233333332
兵庫県,神戸市東灘区,34.719327956937796,135.27002520095695
兵庫県,神戸市灘区,34.71574665300547,135.22946139344262
兵庫県,神戸市西区,34.70872260627178,135.01500906271778
兵庫県,神戸市長田区,34.66515073019802,135.14621708415842
兵庫県,神戸市須磨区,34.667084840404044,135.11547244040403
兵庫県,美方郡新温泉町,35.57541478571429,134.48002982142856
兵庫県,美方郡香美町,35.52317721212121,134.59684612121214
兵庫県,芦屋市,34.73247583333333,135.30706595
兵庫県,西宮市,34.75765344495413,135.33628270412845
兵庫県,西脇市,35.00189418840579,134.97667042028985
兵庫県,豊岡市,35.5164244106583,134.82290159874609
兵庫県,赤穂市,34.76285605333333,134.38999281333332
兵庫県,赤穂郡上郡町,34.87805010169492,134.3657133220339
兵庫県,養父市,35.36952464661654,134.7334941879699
兵庫県,高砂市,34.7661274,134.7937412
北海道,三笠市,43.2507047654321,141.9169594691358
北海道,上川郡上川町,43.83279464,142.81539756
北海道,上川郡下川町,44.3029302,142.655812
北海道,上川郡剣淵町,44.10293945454546,142.35346054545454
北海道,上川郡和寒町,44.018661099999996,142.39197844999998
北海道,上川郡当麻町,43.83366848,142.52987506
北海道,上川郡愛別町,43.918942,142.61015528571428
北海道,上川郡新得町,43.0985986576087,142.8519553097826
北海道,上川郡東川町,43.696353860759494,142.53449787341773
北海道,上川郡東神楽町,43.69979830128205,142.44218398076924
北海道,上川郡比布町,43.88970689130435,142.47908110869565
北海道,上川郡清水町,42.992315558823535,142.8995051882353
北海道,上川郡美瑛町,43.583478843749994,142.48047439583334
北海道,上川郡鷹栖町,43.84776475925926,142.33889596296297
北海道,上磯郡木古内町,41.70511731578947,140.45496163157895
北海道,上磯郡知内町,41.594223875,140.382625375
北海道,中川郡中川町,44.75109485714285,142.06742592857142
北海道,中川郡幕別町,42.79120618571429,143.30258317142858
北海道,中川郡本別町,43.13332497297297,143.5844957027027
北海道,中川郡池田町,42.941799079365076,143.4480077142857
北海道,中川郡美深町,44.48949841984733,142.34556208396947
北海道,中川郡豊頃町,42.772489588235295,143.53066038235295
北海道,中川郡音威子府村,44.722721,142.24254325
北海道,久遠郡せたな町,42.37092405263158,139.8772852105263
北海道,亀田郡七飯町,41.89171794736842,140.70442505263156
北海道,二海郡八雲町,42.200315509433956,140.21099350943396
北海道,伊達市,42.53094205555555,140.92329211111112
北海道,余市郡仁木町,43.136009984615384,140.76467567692308
北海道,余市郡余市町,43.19432468,140.78683049333333
北海道,余市郡赤井川村,43.068680916666665,140.85012966666667
北海道,函館市,41.799269850241544,140.8303550289855
北海道,利尻郡利尻富士町,45.191599499999995,141.254603
北海道,利尻郡利尻町,45.156133,141.18134450000002
北海道,勇払郡むかわ町,42.62462648076923,141.9907201730769
北海道,勇払郡占冠村,43.002601874999996,142.476296375
北海道,勇払郡厚真町,42.69951496666667,141.89285963333333
北海道,勇払郡安平町,42.840751292682924,141.822585
北海道,北広島市,42.976130723004694,141.52938763380283
北海道,北斗市,41.82957390350877,140.6365664122807
北海道,北見市,43.81443526713948,143.85580258392434
北海道,十勝郡浦幌町,42.82697865048544,143.7028289320388
北海道,千歳市,42.82687859523809,141.63507419387756
北海道,厚岸郡厚岸町,43.061397978494625,144.8258739139785
北海道,厚岸郡浜中町,43.14967023899371,145.07918528301886
北海道,古宇郡泊村,43.0984446,140.51722279999998
北海道,古宇郡神恵内村,43.194495999999994,140.41634633333334
北海道,古平郡古平町,43.251158727272724,140.63278863636364
北海道,名寄市,44.35174175544795,142.45727443341403
北海道,増毛郡増毛町,43.844102584615385,141.52144496923077
北海道,士別市,44.173513035461,142.3986330685579
北海道,夕張市,43.03371250704225,142.03054364788733
北海道,夕張郡栗山町,43.0455084,141.81594667500002
北海道,夕張郡由仁町,42.97918954166667,141.80164320833333
北海道,夕張郡長沼町,43.00105555681818,141.68660482954544
北海道,天塩郡天塩町,44.88764565789474,141.7613989868421
北海道,天塩郡幌延町,45.0083155,141.8694265
北海道,天塩郡豊富町,45.11714883478261,141.7675819826087
北海道,天塩郡遠別町,44.69080731818182,141.85687872727274
北海道,奥尻郡奥尻町,42.147175,139.4842764
北海道,宗谷郡猿払村,45.281361,142.13876786666665
北海道,室蘭市,42.34344360305343,140.98920862595418
北海道,富良野市,43.299385834862385,142.40667112844037
北海道,寿都郡寿都町,42.791931,140.24478454545454
北海道,寿都郡黒松内町,42.679564652173916,140.34042817391304
北海道,小樽市,43.186593395833334,141.0051814027778
北海道,山越郡長万部町,42.517515149999994,140.34034624999998
北海道,岩内郡共和町,42.9868596,140.61154779999998
北海道,岩内郡岩内町,42.973604,140.50890641666666
北海道,岩見沢市,43.192269889679714,141.76332204982208
北海道,島牧郡島牧村,42.71182343478261,140.07742939130435
北海道,川上郡弟子屈町,43.52023819696969,144.4451693030303
北海道,川上郡標茶町,43.30135301587301,144.5866353015873
北海道,帯広市,42.892710679113925,143.1818360050633
北海道,常呂郡佐呂間町,44.00879095833333,143.761925375
北海道,常呂郡置戸町,43.6823106,143.58520206666665
北海道,常呂郡訓子府町,43.722554206896554,143.73110431034482
北海道,幌泉郡えりも町,42.036341699999994,143.1998868
北海道,広尾郡大樹町,42.495728791666664,143.270226
北海道,広尾郡広尾町,42.301395936842106,143.29608955789473
北海道,恵庭市,42.89467598734177,141.57841181012657
北海道,斜里郡小清水町,43.85499438888889,144.4726432777778
北海道,斜里郡斜里町,43.92565317647058,144.76482129411764
北海道,斜里郡清里町,43.785406090909085,144.5553410909091
北海道,新冠郡新冠町,42.4434782,142.37909956
北海道,日高郡新ひだか町,42.33576496842105,142.43582148421052
北海道,旭川市,43.773198637137995,142.37845770868825
北海道,有珠郡壮瞥町,42.571936625,140.941180125
北海道,札幌市中央区,43.05310114646465,141.33714566565655
北海道,札幌市北区,43.11416385241249,141.33890471901609
北海道,札幌市南区,42.982410518041235,141.32436646391753
北海道,札幌市厚別区,43.03895110784313,141.47533435294116
北海道,札幌市手稲区,43.12251098913043,141.24430332608696
北海道,札幌市東区,43.096829312217196,141.37392334570134
北海道,札幌市清田区,42.99601698591549,141.45071715023474
北海道,札幌市白石区,43.052673276086956,141.4146988826087
北海道,札幌市西区,43.080746590051454,141.28994955060034
北海道,札幌市豊平区,43.03046403564728,141.38349266228894
北海道,松前郡松前町,41.477501147058824,140.05596097058822
北海道,松前郡福島町,41.48038161111111,140.24540583333334
北海道,枝幸郡中頓別町,44.91107547058824,142.28172105882354
北海道,枝幸郡枝幸町,44.849600435897436,142.54880625641024
北海道,枝幸郡浜頓別町,45.118978427083334,142.35592065625
北海道,根室市,43.32556598876405,145.58858382584268
北海道,様似郡様似町,42.136198291666666,142.9588975
北海道,標津郡中標津町,43.54800793341122,144.96624866238318
北海道,標津郡標津町,43.66554290217391,145.12052438043477
北海道,樺戸郡新十津川町,43.581807545454545,141.79117163636363
北海道,樺戸郡月形町,43.332470375,141.6620113125
北海道,樺戸郡浦臼町,43.43699142857143,141.80037857142858
北海道,檜山郡上ノ国町,41.759081615384616,140.10716484615384
北海道,檜山郡厚沢部町,41.924169392857145,140.30499757142857
北海道,檜山郡江差町,41.881946756756754,140.1485687027027
北海道,歌志内市,43.501419777777784,142.03501333333332
北海道,江別市,43.10395266666667,141.53962618253968
北海道,沙流郡平取町,42.66076505882353,142.24708394117647
北海道,沙流郡日高町,42.64409942105263,142.20893509210526
北海道,河東郡上士幌町,43.27659761538462,143.27865538461538
北海道,河東郡士幌町,43.16261025,143.25568453448275
北海道,河東郡音更町,42.99654749478079,143.20004187056367
北海道,河東郡鹿追町,43.125442535714285,143.01047647142857
北海道,河西郡中札内村,42.68576729651163,143.12328677906976
北海道,河西郡更別村,42.6311948,143.2273464
北海道,河西郡芽室町,42.89720960351563,143.03515450195312
北海道,浦河郡浦河町,42.18665355882353,142.7829049264706
北海道,深川市,43.73431885185185,142.05777822222223
北海道,滝川市,43.569902688311686,141.91713673376623
北海道,瀬棚郡今金町,42.41316495238095,140.0560821904762
北海道,爾志郡乙部町,42.01236826666666,140.14775586666667
北海道,留萌市,43.934850675,141.654563
北海道,留萌郡小平町,44.05627053846154,141.74164165384616
北海道,登別市,42.41128827480916,141.09726893129772
北海道,白糠郡白糠町,43.0031676893617,144.07040917446807
北海道,白老郡白老町,42.557614,141.33841723529412
北海道,目梨郡羅臼町,44.07662223076923,145.22182834615384
北海道,石狩市,43.21278409433962,141.33176378301889
北海道,石狩郡当別町,43.241627275,141.511657225
北海道,石狩郡新篠津村,43.21733003703704,141.61256844444446
北海道,砂川市,43.49597140733197,141.91023010794297
北海道,磯谷郡蘭越町,42.80198878125,140.4907691875
北海道,礼文郡礼文町,45.3628315,141.01663100000002
北海道,稚内市,45.401244663551395,141.69483771962618
北海道,積丹郡積丹町,43.31587481818182,140.46251781818182
北海道,空知郡上富良野町,43.46761341322314,142.46200208815426
北海道,空知郡上砂川町,43.4661645,141.99960816666666
北海道,空知郡中富良野町,43.40134921212121,142.4281504848485
北海道,空知郡南富良野町,43.16600483333334,142.53919800000003
北海道,空知郡南幌町,43.0571128275862,141.64106820689656
北海道,空知郡奈井江町,43.41290625,141.88954983333335
北海道,紋別市,44.30991982352941,143.33292407352943
北海道,紋別郡湧別町,44.16173948484848,143.5940958787879
北海道,紋別郡滝上町,44.17307695238095,143.06881947619047
北海道,紋別郡興部町,44.442812363636364,143.12157168181818
北海道,紋別郡西興部村,44.335801545454544,142.92214
北海道,紋別郡遠軽町,44.02579475396825,143.4645637857143
北海道,紋別郡雄武町,44.560133,142.88151274999998
北海道,網走市,44.013720051903114,144.2636410934256
北海道,網走郡大空町,43.898248,144.19358838202245
北海道,網走郡津別町,43.671002882352944,144.01849344117647
北海道,網走郡美幌町,43.81713667272727,144.1073507
北海道,美唄市,43.33148124107143,141.86832055654762
北海道,芦別市,43.517803217391304,142.1864638405797
北海道,苫前郡初山別村,44.532910375,141.797339875
北海道,苫前郡羽幌町,44.36628817924528,141.70952433018869
北海道,苫前郡苫前町,44.266630444444445,141.726225
北海道,苫小牧市,42.64342846178344,141.59599546178345
北海道,茅部郡森町,42.106826375000004,140.61657195833334
北海道,茅部郡鹿部町,42.0199814,140.7873956
北海道,虻田郡ニセコ町,42.79338275,140.679387
北海道,虻田郡京極町,42.87356346153846,140.92667707692308
北海道,虻田郡倶知安町,42.90243542331288,140.7585325214724
北海道,虻田郡喜茂別町,42.78108447368421,140.9860905263158
北海道,虻田郡洞爺湖町,42.600819920000006,140.80397168
北海道,虻田郡留寿都村,42.7178212,140.8853361
北海道,虻田郡真狩村,42.75131825,140.798831375
北海道,虻田郡豊浦町,42.623930944444446,140.68244733333333
北海道,赤平市,43.55319959067357,142.06775139896374
北海道,足寄郡足寄町,43.26415682352941,143.56817560784316
北海道,足寄郡陸別町,43.50057977358491,143.72637694339625
北海道,野付郡別海町,43.41924078846154,145.0031350576923
北海道,釧路市,43.05537154086181,144.24777298811293
北海道,釧路郡釧路町,43.02213098283262,144.4500061630901
北海道,阿寒郡鶴居村,43.229138037735844,144.30229309433963
北海道,雨竜郡北竜町,43.753586,141.83061666666669
北海道,雨竜郡妹背牛町,43.723174125,141.93901825
北海道,雨竜郡幌加内町,44.10428132,142.15976024
北海道,雨竜郡沼田町,43.825834771428575,141.9414648
北海道,雨竜郡秩父別町,43.77658082352941,141.96244705882353
北海道,雨竜郡雨竜町,43.67426853846154,141.85449026923078
千葉県,いすみ市,35.282683791044775,140.34281873134327
千葉県,佐倉市,35.71511130366492,140.2033432827225
千葉県,八千代市,35.72554160714286,140.10011291071427
千葉県,八街市,35.649279444444446,140.29703380555554
千葉県,勝浦市,35.16916161538462,140.2725535769231
千葉県,匝瑳市,35.708136208333336,140.54311593055556
千葉県,千葉市中央区,35.59979603846154,140.12619165384615
千葉県,千葉市稲毛区,35.63807216923077,140.10419452307693
千葉県,千葉市緑区,35.54122369117647,140.21236725
千葉県,千葉市美浜区,35.63819071153846,140.05844675
千葉県,千葉市花見川区,35.67235316455697,140.08577335443036
千葉県,千葉市若葉区,35.62202931132075,140.17870993396227
千葉県,南房総市,35.036340243243245,139.93010982882882
千葉県,印旛郡栄町,35.84367501960784,140.24163117647058
千葉県,印旛郡酒々井町,35.7302272,140.2784165142857
千葉県,印西市,35.80420238624339,140.16741017989418
千葉県,君津市,35.297906544600934,139.9677378920188
千葉県,四街道市,35.668838880597015,140.18114543283582
千葉県,大網白里市,35.517739931034484,140.3325866896552
千葉県,夷隅郡大多喜町,35.256137137931034,140.22473027586207
千葉県,夷隅郡御宿町,35.192431,140.34250991666667
千葉県,安房郡鋸南町,35.129351529411764,139.8650097647059
千葉県,富津市,35.254390807228916,139.88926710843373
千葉県,富里市,35.736363913043476,140.32912434782608
千葉県,山武市,35.621723526881716,140.4262200860215
千葉県,山武郡九十九里町,35.52745447058823,140.4271552352941
千葉県,山武郡横芝光町,35.66549758823529,140.48869692156862
千葉県,山武郡芝山町,35.7176854,140.4133194
千葉県,市原市,35.47327696969697,140.11988956060605
千葉県,市川市,35.715078591489366,139.92517640851062
千葉県,成田市,35.803221442857144,140.33791377142856
千葉県,我孫子市,35.868394599999995,140.05592286923076
千葉県,旭市,35.73514131818182,140.6611525151515
千葉県,木更津市,35.376091842553194,139.94383301702126
千葉県,東金市,35.5583984945055,140.37139072527472
千葉県,松戸市,35.801966870967746,139.93132673790322
千葉県,柏市,35.85366168012422,139.97619038198758
千葉県,流山市,35.86814102238806,139.91512308208954
千葉県,浦安市,35.64703687951807,139.90618620481928
千葉県,白井市,35.79397681132076,140.0550866981132
千葉県,習志野市,35.68211987234042,140.03660746808512
千葉県,船橋市,35.721840428134556,140.01164259938838
千葉県,茂原市,35.44171975925926,140.29849290740742
千葉県,袖ヶ浦市,35.42049738888889,140.00478284722223
千葉県,野田市,35.984740028301886,139.8511709245283
千葉県,銚子市,35.73579168452381,140.8051175297619
千葉県,鎌ヶ谷市,35.767979870588235,140.00015794117647
千葉県,長生郡一宮町,35.369521299999995,140.37110330000002
千葉県,長生郡白子町,35.450451400000006,140.37796526666668
千葉県,長生郡睦沢町,35.361341375,140.3154961875
千葉県,長生郡長南町,35.384159999999994,140.24262030303032
千葉県,長生郡長柄町,35.44070592307692,140.2208608076923
千葉県,長生郡長生村,35.40973064,140.3568648
千葉県,館山市,34.97810632911392,139.85828589873418
千葉県,香取市,35.86576125874126,140.53077196503497
千葉県,香取郡多古町,35.753727372093024,140.47304702325582
千葉県,香取郡東庄町,35.80858596153846,140.67068153846154
千葉県,香取郡神崎町,35.88999716666667,140.40896627777778
千葉県,鴨川市,35.113521342105265,140.0593581842105
和歌山県,伊都郡かつらぎ町,34.271465,135.5011235
和歌山県,伊都郡九度山町,34.268951615384616,135.5702246153846
和歌山県,伊都郡高野町,34.22553773684211,135.62400078947368
和歌山県,和歌山市,34.229199273684216,135.18005814736844
和歌山県,岩出市,34.27042047826087,135.30828886956522
和歌山県,御坊市,33.88627665217391,135.16885704347825
和歌山県,新宮市,33.736796203703705,135.9583451388889
和歌山県,日高郡みなべ町,33.8065422962963,135.33333792592592
和歌山県,日高郡印南町,33.85689736,135.26844344
和歌山県,日高郡日高川町,33.94602887234043,135.29663421276598
和歌山県,日高郡日高町,33.9262224,135.11249386666665
和歌山県,日高郡由良町,33.972956714285715,135.11484414285715
和歌山県,日高郡美浜町,33.8912556,135.133162
和歌山県,有田市,34.081010375,135.14850316666667
和歌山県,有田郡広川町,34.0069660625,135.183025375
和歌山県,有田郡有田川町,34.075361934782606,135.3008715
和歌山県,有田郡湯浅町,34.039037125,135.18498775
和歌山県,東牟婁郡串本町,33.50512275,135.780097375
和歌山県,東牟婁郡北山村,33.957232,135.9539964
和歌山県,東牟婁郡古座川町,33.581495952380955,135.7427693095238
和歌山県,東牟婁郡太地町,33.592333499999995,135.943015
和歌山県,東牟婁郡那智勝浦町,33.63066637037037,135.90548338888888
和歌山県,橋本市,34.32783571551724,135.6093439137931
和歌山県,海南市,34.14393020512821,135.22653458974358
和歌山県,海草郡紀美野町,34.15222948214286,135.37874651785714
和歌山県,田辺市,33.77623488957055,135.523711595092
和歌山県,紀の川市,34.2594332295082,135.3797529508197
和歌山県,西牟婁郡すさみ町,33.57822075,135.58730833333334
和歌山県,西牟婁郡上富田町,33.70767522222222,135.43820466666668
和歌山県,西牟婁郡白浜町,33.6351832631579,135.46745476315792
埼玉県,さいたま市中央区,35.88224150724638,139.6238787826087
埼玉県,さいたま市北区,35.93560933333333,139.61880996296296
埼玉県,さいたま市南区,35.84358265,139.65322721249998
埼玉県,さいたま市大宮区,35.907283648148145,139.62695383333335
埼玉県,さいたま市岩槻区,35.950114153225805,139.70706620161292
埼玉県,さいたま市桜区,35.856192300000004,139.61756584285715
埼玉県,さいたま市浦和区,35.87239750574713,139.6532391954023
埼玉県,さいたま市緑区,35.88233787692308,139.69876533846153
埼玉県,さいたま市西区,35.908637947368426,139.57461560526318
埼玉県,さいたま市見沼区,35.93153768571428,139.6668685142857
埼玉県,ふじみ野市,35.869453351999994,139.518837904
埼玉県,三郷市,35.83507889380531,139.86936509734514
埼玉県,上尾市,35.97625461481481,139.5815099925926
埼玉県,久喜市,36.0851843032258,139.6752738
埼玉県,児玉郡上里町,36.2522070625,139.1342433125
埼玉県,児玉郡神川町,36.19705945,139.08915875
埼玉県,児玉郡美里町,36.17899535294117,139.17642094117647
埼玉県,入間市,35.825972075268815,139.37996789247313
埼玉県,入間郡三芳町,35.83138016666667,139.5309325
埼玉県,入間郡毛呂山町,35.9436854,139.3205542
埼玉県,入間郡越生町,35.963273034482754,139.28797437931033
埼玉県,八潮市,35.81669428888889,139.83693926666666
埼玉県,加須市,36.12996134,139.62118777333333
埼玉県,北本市,36.027297078740155,139.53159522834645
埼玉県,北葛飾郡杉戸町,36.038125199999996,139.73960366666668
埼玉県,北葛飾郡松伏町,35.928075041666666,139.824817125
埼玉県,北足立郡伊奈町,36.00566777777778,139.61305466666667
埼玉県,南埼玉郡宮代町,36.02258824561404,139.72103333333334
埼玉県,吉川市,35.887090010869564,139.85934298913043
埼玉県,和光市,35.78938265625,139.6203238125
埼玉県,坂戸市,35.96046142857143,139.38659296938775
埼玉県,大里郡寄居町,36.109033260869566,139.2085989130435
埼玉県,富士見市,35.851170483333334,139.54686676666668
埼玉県,川口市,35.82981993382353,139.7309808970588
埼玉県,川越市,35.91131669477912,139.4732263815261
埼玉県,幸手市,36.07302853968254,139.73099373015873
埼玉県,志木市,35.83397066666667,139.57915493939393
埼玉県,戸田市,35.8144591147541,139.66327044262295
埼玉県,所沢市,35.800309750000004,139.45519175625
埼玉県,新座市,35.785659951219515,139.56024508536586
埼玉県,日高市,35.89307126415095,139.33691250943397
埼玉県,春日部市,35.975790236111116,139.76423715972223
埼玉県,朝霞市,35.80719886075949,139.5926118227848
埼玉県,本庄市,36.22776670748299,139.17422437414965
埼玉県,東松山市,36.02698287837838,139.4001690810811
埼玉県,桶川市,36.005382177777776,139.56523171111112
埼玉県,比企郡ときがわ町,36.00319344444444,139.26329422222224
埼玉県,比企郡吉見町,36.04347834693878,139.46180571428573
埼玉県,比企郡小川町,36.06657695,139.2627303
埼玉県,比企郡嵐山町,36.05285380952381,139.31989723809525
埼玉県,比企郡川島町,35.986135322033896,139.47911767796612
埼玉県,比企郡滑川町,36.05693004545455,139.35373827272727
埼玉県,比企郡鳩山町,35.98715776,139.34321351999998
埼玉県,深谷市,36.1913802265625,139.2785410625
埼玉県,熊谷市,36.15439602597403,139.3776828138528
埼玉県,狭山市,35.86003864406779,139.4115470338983
埼玉県,白岡市,36.025453189189186,139.66600924324325
埼玉県,秩父市,36.002411388059706,139.05811041791046
埼玉県,秩父郡小鹿野町,36.02389323076923,138.96179784615384
埼玉県,秩父郡東秩父村,36.04851685714286,139.18388114285713
埼玉県,秩父郡横瀬町,35.967510000000004,139.13127400000002
埼玉県,秩父郡皆野町,36.0808877,139.0852203
埼玉県,秩父郡長瀞町,36.113879875,139.116352125
埼玉県,羽生市,36.169087337349396,139.54911209638556
埼玉県,草加市,35.83825174789916,139.80054673109242
埼玉県,蓮田市,35.98947892753623,139.65373497101447
埼玉県,蕨市,35.82467275862069,139.6862803448276
埼玉県,行田市,36.13971070212766,139.4610820212766
埼玉県,越谷市,35.89331557286432,139.79309364321608
埼玉県,飯能市,35.867125277108435,139.28457669879518
埼玉県,鴻巣市,36.07553570895523,139.4968146044776
埼玉県,鶴ヶ島市,35.93736730232558,139.3974779767442
大分県,中津市,33.54071522794118,131.18238013970588
大分県,佐伯市,32.94032575,131.87389076351351
大分県,別府市,33.293865753086415,131.48833441358025
大分県,国東市,33.554059466666665,131.66609401333332
大分県,大分市,33.21965059287926,131.63969271362228
大分県,宇佐市,33.472964078838174,131.34159130290456
大分県,日田市,33.300316055555555,130.94356193333334
大分県,東国東郡姫島村,33.727490807692305,131.6624470769231
大分県,杵築市,33.44335837777778,131.56987602222222
大分県,津久見市,33.0768932051282,131.8670394102564
大分県,玖珠郡九重町,33.21296409090909,131.19310590909092
大分県,玖珠郡玖珠町,33.2929174375,131.148026125
大分県,由布市,33.20503127777778,131.44281937037036
大分県,竹田市,32.96180675903614,131.33158644578313
大分県,臼杵市,33.085534100000004,131.75089041428572
大分県,豊後大野市,32.990242335820895,131.52024204477613
大分県,豊後高田市,33.56629081355932,131.48964255932202
大分県,速見郡日出町,33.376639909090905,131.53206563636365
大阪府,三島郡島本町,34.885046075000005,135.6651416
大阪府,交野市,34.77670021985816,135.68086911347518
大阪府,八尾市,34.62223412202853,135.61102528684629
大阪府,南河内郡千早赤阪村,34.4453237,135.630995
大阪府,南河内郡太子町,34.51975022222222,135.64464800000002
大阪府,南河内郡河南町,34.486552290322585,135.6401350967742
大阪府,吹田市,34.781405214659685,135.51888830890053
大阪府,和泉市,34.46677129761905,135.4515859404762
大阪府,四條畷市,34.73640847540983,135.65247303278687
大阪府,堺市中区,34.5241334,135.499965
大阪府,堺市北区,34.568613,135.50507248888889
大阪府,堺市南区,34.48607870526316,135.50002996842105
大阪府,堺市堺区,34.57572183935743,135.47591550602408
大阪府,堺市東区,34.541476095238096,135.53189847619046
大阪府,堺市美原区,34.536215,135.56024227027027
大阪府,堺市西区,34.54123562142858,135.46003086428573
大阪府,大東市,34.712388612903226,135.62663748387095
大阪府,大阪市中央区,34.68070408602151,135.51014791935484
大阪府,大阪市住之江区,34.61538744,135.4634204
大阪府,大阪市住吉区,34.60725455769231,135.50412202884615
大阪府,大阪市北区,34.704387178861786,135.50393925203252
大阪府,大阪市城東区,34.69640792105263,135.54862217105264
大阪府,大阪市大正区,34.648154416666664,135.469801125
大阪府,大阪市天王寺区,34.66068095714286,135.52079302857143
大阪府,大阪市平野区,34.61694236428571,135.5593337785714
大阪府,大阪市旭区,34.72356057777778,135.5476218
大阪府,大阪市東住吉区,34.62048757843137,135.53252087254901
大阪府,大阪市東成区,34.673148318181816,135.54652565909092
大阪府,大阪市東淀川区,34.74489088505747,135.5305741034483
大阪府,大阪市此花区,34.67781120338983,135.44221598305083
大阪府,大阪市浪速区,34.65968408064516,135.49572119354838
大阪府,大阪市淀川区,34.72865935227273,135.4827504090909
大阪府,大阪市港区,34.66197027586207,135.4526591724138
大阪府,大阪市生野区,34.65339188888889,135.54307654444443
大阪府,大阪市福島区,34.69345658536585,135.47684668292683
大阪府,大阪市西区,34.67895081355932,135.4841414745763
大阪府,大阪市西成区,34.640489702380954,135.4926676547619
大阪府,大阪市西淀川区,34.70849990476191,135.44900007936508
大阪府,大阪市都島区,34.70982272340426,135.52888176595744
大阪府,大阪市阿倍野区,34.63374748529412,135.51361835294117
大阪府,大阪市鶴見区,34.70245591525424,135.57648433898305
大阪府,大阪狭山市,34.499643872093024,135.54941193023257
大阪府,守口市,34.73738612209302,135.57284576162792
大阪府,富田林市,34.499636747252744,135.5939805
大阪府,寝屋川市,34.765052129943506,135.62501305084746
大阪府,岸和田市,34.456534635838146,135.39490168786128
大阪府,摂津市,34.777197,135.56737304210526
大阪府,東大阪市,34.669524775999996,135.602583238
大阪府,松原市,34.58057712865497,135.5507450233918
大阪府,枚方市,34.82027844556962,135.6776908658228
大阪府,柏原市,34.580163909090906,135.63268896969697
大阪府,池田市,34.822342135802465,135.4353118148148
大阪府,河内長野市,34.44169358333333,135.56862949074073
大阪府,泉佐野市,34.40724573333333,135.3216867238095
大阪府,泉北郡忠岡町,34.48875207692308,135.39900192307692
大阪府,泉南市,34.366752456140354,135.27495471929825
大阪府,泉南郡岬町,34.313281454545454,135.15737872727274
大阪府,泉南郡熊取町,34.39507099137931,135.35903370689655
大阪府,泉南郡田尻町,34.4032556,135.2768638
大阪府,泉大津市,34.50262795555555,135.41378106666667
大阪府,箕面市,34.83849329761905,135.4851302440476
大阪府,羽曳野市,34.55494002205882,135.59344734558823
大阪府,茨木市,34.827435745033114,135.56243079801322
大阪府,藤井寺市,34.5728236627907,135.60351954651162
大阪府,豊中市,34.776634997032644,135.47043341543025
大阪府,豊能郡能勢町,34.9668402,135.4187727
大阪府,豊能郡豊能町,34.92172943589743,135.47984925641026
大阪府,貝塚市,34.43302124675324,135.36507853246755
大阪府,門真市,34.733592379310345,135.60040022988505
大阪府,阪南市,34.3434828125,135.23660179166666
大阪府,高槻市,34.857530526570045,135.61309206763286
大阪府,高石市,34.52423519230769,135.43687042307693
奈良県,五條市,34.317094188235295,135.71921597647057
奈良県,北葛城郡上牧町,34.56732773333333,135.71528386666665
奈良県,北葛城郡広陵町,34.550458875,135.738114825
奈良県,北葛城郡河合町,34.5826148,135.72955683333333
奈良県,北葛城郡王寺町,34.5863752,135.6992653111111
奈良県,吉野郡上北山村,34.13160525,136.01980975
奈良県,吉野郡下北山村,34.02871433333334,135.954703
奈良県,吉野郡下市町,34.33643780952381,135.80145752380955
奈良県,吉野郡十津川村,34.000805163636365,135.76972834545455
奈良県,吉野郡吉野町,34.397788972972975,135.89240689189188
奈良県,吉野郡大淀町,34.40235404347826,135.79840621739132
奈良県,吉野郡天川村,34.22345091304348,135.83061147826086
奈良県,吉野郡川上村,34.3086308,135.98747844
奈良県,吉野郡東吉野村,34.406392777777775,136.0133583888889
奈良県,吉野郡野迫川村,34.16226542857143,135.65778400000002
奈良県,吉野郡黒滝村,34.31017033333333,135.85140516666667
奈良県,大和郡山市,34.63770571900827,135.78130896694213
奈良県,大和高田市,34.510224775,135.74467071249998
奈良県,天理市,34.59186376923077,135.83503766666666
奈良県,奈良市,34.68458357919254,135.808069431677
奈良県,宇陀市,34.50447253103448,135.9645865724138
奈良県,宇陀郡御杖村,34.475975,136.15465775
奈良県,宇陀郡曽爾村,34.51408266666667,136.12098277777778
奈良県,山辺郡山添村,34.669256137931036,136.02794224137932
奈良県,御所市,34.44577204901961,135.73132588235293
奈良県,桜井市,34.51703543877551,135.86565007142858
奈良県,橿原市,34.50141093913043,135.79138593043479
奈良県,生駒市,34.701539927927925,135.7133770990991
奈良県,生駒郡三郷町,34.60387742553191,135.6920005106383
奈良県,生駒郡安堵町,34.601586857142856,135.75585257142856
奈良県,生駒郡平群町,34.631657153846156,135.69986732307692
奈良県,生駒郡斑鳩町,34.60650695555556,135.73050836666667
奈良県,磯城郡三宅町,34.57324714285714,135.77291157142858
奈良県,磯城郡川西町,34.587812,135.768991
奈良県,磯城郡田原本町,34.55425525757576,135.79353960606062
奈良県,葛城市,34.49472854347826,135.71399880434782
奈良県,香芝市,34.54592443877551,135.6982697244898
奈良県,高市郡明日香村,34.465043575757576,135.82230178787879
奈良県,高市郡高取町,34.44473145833333,135.78745875
宮城県,亘理郡亘理町,38.04658353266332,140.87229246984924
宮城県,亘理郡山元町,37.95439086495177,140.88540154340836
宮城県,仙台市太白区,38.215698766004415,140.83805162913907
宮城県,仙台市宮城野区,38.27413109620991,140.94992954518952
宮城県,仙台市泉区,38.32546704166666,140.85045857427536
宮城県,仙台市若林区,38.22771950453172,140.93500096374623
宮城県,仙台市青葉区,38.28114834637965,140.8037427142857
宮城県,伊具郡丸森町,37.90779930930931,140.74596092192192
宮城県,刈田郡七ヶ宿町,38.00836780933852,140.3810054241245
宮城県,刈田郡蔵王町,38.09384659717314,140.66142953003535
宮城県,加美郡加美町,38.57965358957219,140.7742576737968
宮城県,加美郡色麻町,38.54259316666667,140.81859158333333
宮城県,名取市,38.16707737080868,140.87908103155817
宮城県,塩竈市,38.326820234375,141.0496040390625
宮城県,多賀城市,38.296827,140.99139507096774
宮城県,大崎市,38.58027220490196,140.94640400882352
宮城県,宮城郡七ヶ浜町,38.29931175675676,141.06226722702704
宮城県,宮城郡利府町,38.33310350561798,140.98176800000002
宮城県,宮城郡松島町,38.400942477848105,141.07570493037974
宮城県,富谷市,38.3857863046875,140.89786196484374
宮城県,岩沼市,38.11216092753623,140.86728993913044
宮城県,本吉郡南三陸町,38.680291114285716,141.44858674285715
宮城県,東松島市,38.41232168644068,141.17811716949151
宮城県,柴田郡大河原町,38.05409799468085,140.71888059042553
宮城県,柴田郡川崎町,38.18437127941177,140.64216909558826
宮城県,柴田郡村田町,38.12382860957179,140.73567407556675
宮城県,柴田郡柴田町,38.07030017793594,140.78895143060498
宮城県,栗原市,38.768107171768705,141.0492452755102
宮城県,気仙沼市,38.865879289276805,141.5564199201995
宮城県,牡鹿郡女川町,38.43615696551724,141.45245217241379
宮城県,登米市,38.66325207819549,141.21061527669173
宮城県,白石市,37.99942443728223,140.6190632944251
宮城県,石巻市,38.45298333967047,141.31993245500635
宮城県,角田市,38.00659968888888,140.78166952698413
宮城県,遠田郡涌谷町,38.541514846153845,141.13079792307693
宮城県,遠田郡美里町,38.547771999999995,141.05420029245283
宮城県,黒川郡大和町,38.420500850467285,140.89939227102803
宮城県,黒川郡大衡村,38.46476104516129,140.88970167741937
宮城県,黒川郡大郷町,38.41570822147651,141.01488795302012
宮崎県,えびの市,32.04640065625,130.812355125
宮崎県,串間市,31.475704476190476,131.24392676190476
宮崎県,児湯郡川南町,32.1969175,131.512278
宮崎県,児湯郡新富町,32.069340227272725,131.48654413636362
宮崎県,児湯郡木城町,32.2087814,131.41976359999998
宮崎県,児湯郡西米良村,32.232609000000004,131.16212857142858
宮崎県,児湯郡都農町,32.26149066666667,131.53611833333335
宮崎県,児湯郡高鍋町,32.12987775,131.51743583333334
宮崎県,北諸県郡三股町,31.733355916666667,131.12522708333333
宮崎県,宮崎市,31.91123214317181,131.41561006167402
宮崎県,小林市,32.003801,131.017285875
宮崎県,延岡市,32.58099429836066,131.65617567868853
宮崎県,日南市,31.598954838461534,131.37564125384617
宮崎県,日向市,32.41911904807692,131.61623579807693
宮崎県,東臼杵郡椎葉村,32.4663575,131.15559825
宮崎県,東臼杵郡美郷町,32.43942046153846,131.37560223076923
宮崎県,東臼杵郡諸塚村,32.543521,131.3121755
宮崎県,東臼杵郡門川町,32.47735621311475,131.65239713114755
宮崎県,東諸県郡国富町,32.004818,131.32170888235294
宮崎県,東諸県郡綾町,32.021323,131.233115
宮崎県,西臼杵郡五ヶ瀬町,32.66281966666667,131.20302
宮崎県,西臼杵郡日之影町,32.66697025,131.40498625
宮崎県,西臼杵郡高千穂町,32.743328,131.30656881818183
宮崎県,西諸県郡高原町,31.929351750000002,131.00936525
宮崎県,西都市,32.11625883076923,131.38230044615383
宮崎県,都城市,31.759269082568807,131.06995337614677
富山県,下新川郡入善町,36.92246946551724,137.49592868965516
富山県,下新川郡朝日町,36.936451375,137.56637808333332
富山県,中新川郡上市町,36.6998023495935,137.3690898292683
富山県,中新川郡立山町,36.65014579104478,137.32900669402986
富山県,中新川郡舟橋村,36.7005012,137.3047724
富山県,南砺市,36.522540265734264,136.91509348251748
富山県,富山市,36.6594965053681,137.20881503527607
富山県,射水市,36.730559952191236,137.0972514860558
富山県,小矢部市,36.66708720454545,136.8647899469697
富山県,氷見市,36.86299514754098,136.95549385245903
富山県,滑川市,36.75740439495799,137.36487985714285
富山県,砺波市,36.62856910810811,136.98264967567567
富山県,高岡市,36.74116156790124,136.99935665185185
富山県,魚津市,36.807796160305344,137.4266979847328
富山県,黒部市,36.865522074380166,137.46917657024792
山口県,下松市,34.021126165354325,131.87404167716537
山口県,下関市,34.023028751173705,130.9649653114241
山口県,光市,33.96817928703704,131.95124848148149
山口県,周南市,34.065902058641974,131.81004688580248
山口県,大島郡周防大島町,33.9120996,132.28875334285715
山口県,宇部市,33.972958821678326,131.25592077972027
山口県,山口市,34.1496907327044,131.46477790880505
山口県,山陽小野田市,34.000255264367816,131.17541410344828
山口県,岩国市,34.14583875737705,132.15968125245902
山口県,柳井市,33.96167195348838,132.11655804651164
山口県,熊毛郡上関町,33.7977635,132.08361225
山口県,熊毛郡平生町,33.91697309090909,132.08616290909092
山口県,熊毛郡田布施町,33.94478384615385,132.03393292307692
山口県,玖珂郡和木町,34.200506142857144,132.216858
山口県,美祢市,34.192024,131.22456316666666
山口県,萩市,34.44748115,131.448907225
山口県,長門市,34.37470686486487,131.1332984054054
山口県,防府市,34.05568179389313,131.5720611145038
山口県,阿武郡阿武町,34.536340714285714,131.55981500000001
山形県,上山市,38.153778013953485,140.28783621860464
山形県,北村山郡大石田町,38.59848855,140.35956489999998
山形県,南陽市,38.0633025,140.1480383
山形県,天童市,38.35394267857143,140.37104352380953
山形県,寒河江市,38.37934780327869,140.27635361202186
山形県,尾花沢市,38.606598999999996,140.43577806451611
山形県,山形市,38.2537321858736,140.32523487360595
山形県,新庄市,38.76649735483871,140.30262451612904
山形県,最上郡大蔵村,38.6651275,140.21910175
山形県,最上郡戸沢村,38.742597125,140.154511125
山形県,最上郡最上町,38.76133069230769,140.5138036153846
山形県,最上郡真室川町,38.907954499999995,140.26523941666667
山形県,最上郡舟形町,38.681308200000004,140.310772
山形県,最上郡金山町,38.88629592307692,140.3357393076923
山形県,最上郡鮭川村,38.8158185,140.21813275
山形県,村山市,38.49367880357143,140.3739737142857
山形県,東村山郡中山町,38.33306690909091,140.26810454545455
山形県,東村山郡山辺町,38.28463155882353,140.25176641176472
山形県,東根市,38.42464972794117,140.39401294117647
山形県,東田川郡三川町,38.796051852941176,139.84963352941176
山形県,東田川郡庄内町,38.83125200826446,139.91525090082644
山形県,東置賜郡川西町,38.00084434782609,140.06179230434782
山形県,東置賜郡高畠町,37.993614512820514,140.18040266666665
山形県,米沢市,37.90609429230769,140.11197375384614
山形県,西村山郡大江町,38.370947055555554,140.14910747222223
山形県,西村山郡朝日町,38.29705773333333,140.1310775
山形県,西村山郡河北町,38.41976014423077,140.31147223076923
山形県,西村山郡西川町,38.446381,140.0818439375
山形県,西置賜郡小国町,38.06347702298851,139.75280248275863
山形県,西置賜郡白鷹町,38.20065343478261,140.0901646521739
山形県,西置賜郡飯豊町,37.962021681818186,139.91522322727272
山形県,酒田市,38.91087126802218,139.87753804805917
山形県,長井市,38.108007134615384,140.03180711538462
山形県,飽海郡遊佐町,39.03177032456141,139.9029042631579
山形県,鶴岡市,38.720386451481104,139.82847480081716
山梨県,上野原市,35.63100025,139.07641495833334
山梨県,中央市,35.59502764516129,138.53270077419356
山梨県,中巨摩郡昭和町,35.62934941666666,138.53379391666667
山梨県,北杜市,35.820979236111114,138.39128352777777
山梨県,北都留郡丹波山村,35.790138142857145,138.92322214285713
山梨県,北都留郡小菅村,35.751079,138.96196718181818
山梨県,南アルプス市,35.61982817910447,138.45836279104478
山梨県,南巨摩郡南部町,35.271547,138.46582521428573
山梨県,南巨摩郡富士川町,35.54382385,138.44081075
山梨県,南巨摩郡早川町,35.442875095238094,138.3471002857143
山梨県,南巨摩郡身延町,35.4343857654321,138.46518808641974
山梨県,南都留郡富士河口湖町,35.491514357142854,138.70396092857143
山梨県,南都留郡山中湖村,35.4262465,138.869589
山梨県,南都留郡忍野村,35.45987733333333,138.84725233333333
山梨県,南都留郡西桂町,35.52337266666667,138.84068266666665
山梨県,南都留郡道志村,35.520893056603775,139.0365505283019
山梨県,南都留郡鳴沢村,35.47956636619718,138.70899409859155
山梨県,大月市,35.61713791304348,138.9527679347826
山梨県,富士吉田市,35.48972095959596,138.80697894949495
山梨県,山梨市,35.72161298181818,138.68758036363636
山梨県,甲州市,35.69783082222222,138.74829146666667
山梨県,甲府市,35.65916205479452,138.5700706849315
山梨県,甲斐市,35.70417665853659,138.51925592682926
山梨県,笛吹市,35.62889671287129,138.66031476237623
山梨県,西八代郡市川三郷町,35.525532250000005,138.50332879166666
山梨県,都留市,35.55345962962963,138.90973603703702
山梨県,韮崎市,35.713609543859654,138.4430215614035
岐阜県,下呂市,35.8191846,137.216384575
岐阜県,不破郡垂井町,35.37887355172414,136.52794806896551
岐阜県,不破郡関ケ原町,35.36044155555555,136.46186188888888
岐阜県,中津川市,35.511040783333335,137.49382018333333
岐阜県,加茂郡七宗町,35.55599775,137.11258700000002
岐阜県,加茂郡八百津町,35.48842453846154,137.1518536923077
岐阜県,加茂郡坂祝町,35.435942818181815,136.98569645454543
岐阜県,加茂郡富加町,35.485804875,136.972313125
岐阜県,加茂郡川辺町,35.49747607692308,137.07675353846156
岐阜県,加茂郡東白川村,35.64077633333333,137.33456833333332
岐阜県,加茂郡白川町,35.60392521428572,137.23250407142856
岐阜県,可児市,35.405504469273744,137.05039601675978
岐阜県,可児郡御嵩町,35.43402104545454,137.14714986363634
岐阜県,各務原市,35.403790293674696,136.87043232228916
岐阜県,土岐市,35.35662044827586,137.18699311724137
岐阜県,多治見市,35.34050838949672,137.11672805689278
岐阜県,大垣市,35.356541484848485,136.60992557735247
岐阜県,大野郡白川村,36.238678782608694,136.89347639130435
岐阜県,安八郡安八町,35.3350866,136.6621978
岐阜県,安八郡神戸町,35.41346004166667,136.60958266666668
岐阜県,安八郡輪之内町,35.28840963157895,136.63674405263157
岐阜県,山県市,35.56052841463415,136.75848814634148
岐阜県,岐阜市,35.42474049306839,136.76000996487986
岐阜県,恵那市,35.38856975,137.3946531153846
岐阜県,揖斐郡大野町,35.46331853125,136.62537321874998
岐阜県,揖斐郡揖斐川町,35.530439470588234,136.52780805882352
岐阜県,揖斐郡池田町,35.445605166666674,136.56584093333333
岐阜県,本巣市,35.5370474,136.64593531999998
岐阜県,本巣郡北方町,35.4320182688172,136.6908291612903
岐阜県,海津市,35.215506468354434,136.63789740506328
岐阜県,瑞浪市,35.360760753086424,137.25028039506174
岐阜県,瑞穂市,35.399149724137935,136.6750747586207
岐阜県,美濃加茂市,35.45478904545455,137.02234421818181
岐阜県,美濃市,35.546838013513515,136.90600705405404
岐阜県,羽島市,35.322611051383404,136.70556660079052
岐阜県,羽島郡岐南町,35.386393298076925,136.78501033653845
岐阜県,羽島郡笠松町,35.36979127272728,136.76382161818182
岐阜県,郡上市,35.795293836206895,136.95408222413795
岐阜県,関市,35.49219868055555,136.91204076388888
岐阜県,飛騨市,36.31036069078947,137.2111065394737
岐阜県,養老郡養老町,35.29942727272727,136.56539686363638
岐阜県,高山市,36.139819620588234,137.2769037117647
岡山県,久米郡久米南町,34.91996,133.95185477777775
岡山県,久米郡美咲町,34.97713579104477,133.97663094029852
岡山県,井原市,34.630498459016394,133.4671821147541
岡山県,倉敷市,34.542047363636364,133.76323049350648
岡山県,備前市,34.77713236363636,134.21204140909092
岡山県,加賀郡吉備中央町,34.87463480434783,133.76063189130437
岡山県,勝田郡勝央町,35.05458259090909,134.13006322727273
岡山県,勝田郡奈義町,35.126016888888884,134.182859
岡山県,和気郡和気町,34.83731702631579,134.12941689473683
岡山県,小田郡矢掛町,34.625020368421055,133.5831164736842
岡山県,岡山市中区,34.66299693846154,133.95252683076922
岡山県,岡山市北区,34.69374775609756,133.89983444634146
岡山県,岡山市南区,34.60559081415929,133.92041123893804
岡山県,岡山市東区,34.67470204347826,134.04384673188406
岡山県,新見市,34.992200374999996,133.45761569642858
岡山県,津山市,35.08426228272251,134.0147704397906
岡山県,浅口市,34.535601,133.59339471428572
岡山県,浅口郡里庄町,34.50879675,133.55032375
岡山県,瀬戸内市,34.67111395238095,134.1115701904762
岡山県,玉野市,34.499764269662926,133.93456784269662
岡山県,真庭市,35.10393611267606,133.70472114084507
岡山県,真庭郡新庄村,35.18664969565218,133.56613947826088
岡山県,笠岡市,34.497973342465755,133.50795398630137
岡山県,総社市,34.68542735135135,133.73391966216215
岡山県,美作市,35.03264861805556,134.2154501875
岡山県,苫田郡鏡野町,35.14261953333333,133.91396456666666
岡山県,英田郡西粟倉村,35.1835365,134.3297815
岡山県,赤磐市,34.80496193162393,134.0347381794872
岡山県,都窪郡早島町,34.610883,133.8266985
岡山県,高梁市,34.79902897058823,133.55677615686275
岩手県,一関市,38.93108948108108,141.18035394054053
岩手県,上閉伊郡大槌町,39.36930630769231,141.90571270769232
岩手県,下閉伊郡山田町,39.46161397402597,141.9561747012987
岩手県,下閉伊郡岩泉町,39.84345868253968,141.82408674603175
岩手県,下閉伊郡普代村,40.00732138709677,141.87340574193547
岩手県,下閉伊郡田野畑村,39.928043724999995,141.86634972500002
岩手県,久慈市,40.18256455149501,141.75501055813956
岩手県,九戸郡九戸村,40.20956177777778,141.436081
岩手県,九戸郡洋野町,40.30292233333333,141.6888731111111
岩手県,九戸郡軽米町,40.3059604,141.4601419
岩手県,九戸郡野田村,40.10825126666667,141.8156816
岩手県,二戸市,40.283877859756096,141.2987259085366
岩手県,二戸郡一戸町,40.20402379220779,141.2923772987013
岩手県,八幡平市,40.027183476,141.03714639199998
岩手県,北上市,39.29930972187105,141.08918025031605
岩手県,和賀郡西和賀町,39.353968,140.77206424
岩手県,大船渡市,39.07566285443038,141.71628253797468
岩手県,奥州市,39.114166948333335,141.13601358083335
岩手県,宮古市,39.63762312025317,141.91737081012658
岩手県,岩手郡岩手町,39.96393335114504,141.20951190839693
岩手県,岩手郡葛巻町,40.031730333333336,141.41906633333335
岩手県,岩手郡雫石町,39.698988035294114,140.95938447058825
岩手県,気仙郡住田町,39.192939,141.55566266666668
岩手県,滝沢市,39.73951192857143,141.0751757747253
岩手県,盛岡市,39.70121895608783,141.15345100598802
岩手県,紫波郡矢巾町,39.607372442724454,141.1417511393189
岩手県,紫波郡紫波町,39.55271859111111,141.14551002888888
岩手県,胆沢郡金ケ崎町,39.19848817758985,141.0807752832981
岩手県,花巻市,39.41462839880952,141.13848146949405
岩手県,西磐井郡平泉町,38.984440388888885,141.11463852777777
岩手県,遠野市,39.33003881025641,141.55193962564104
岩手県,釜石市,39.2874287615894,141.8637220331126
岩手県,陸前高田市,39.01481368571429,141.63191108571428
島根県,仁多郡奥出雲町,35.18145496,133.03840024
島根県,出雲市,35.36779286607143,132.75687679464286
島根県,大田市,35.14059612307692,132.47645275384616
島根県,安来市,35.37601147368421,133.23397735789476
島根県,松江市,35.469204802325585,133.0706652751938
島根県,江津市,34.98196871428571,132.28428612244898
島根県,浜田市,34.85227039316239,132.10053572649574
島根県,益田市,34.664289509433964,131.8583074716981
島根県,邑智郡川本町,35.0008990625,132.471138375
島根県,邑智郡美郷町,35.0375545116279,132.58580546511627
島根県,邑智郡邑南町,34.8737354,132.5426467714286
島根県,隠岐郡海士町,36.08770271428572,133.10066571428573
島根県,隠岐郡知夫村,36.0142965,133.034808
島根県,隠岐郡西ノ島町,36.10571125,133.0264265
島根県,隠岐郡隠岐の島町,36.22333374015748,133.31676092125986
島根県,雲南市,35.29113046236559,132.9185774731183
島根県,飯石郡飯南町,35.050928049999996,132.73180715
島根県,鹿足郡吉賀町,34.393266,131.9146208076923
島根県,鹿足郡津和野町,34.512025351351355,131.78136351351353
広島県,三原市,34.41098072,133.04847452
広島県,三次市,34.783398,132.8800432846154
広島県,世羅郡世羅町,34.60714187179487,133.01198312820512
広島県,呉市,34.24411721495327,132.60481947102804
広島県,大竹市,34.23694761842105,132.21390348684213
広島県,安芸郡坂町,34.33330133333333,132.50899697222223
広島県,安芸郡府中町,34.39189110169492,132.50995972881356
広島県,安芸郡海田町,34.369208224489796,132.54179902040818
広島県,安芸郡熊野町,34.34077889041096,132.58394483561645
広島県,安芸高田市,34.67697852,132.67970436
広島県,尾道市,34.42516671621622,133.17248450675677
広島県,山県郡北広島町,34.70965236764706,132.4155200735294
広島県,山県郡安芸太田町,34.599023814814814,132.25773833333335
広島県,広島市中区,34.38423342857143,132.45141069642858
広島県,広島市佐伯区,34.39294521142857,132.35875798857143
広島県,広島市南区,34.37313041726619,132.47940278417263
広島県,広島市安佐北区,34.507301292517006,132.51225982312926
広島県,広島市安佐南区,34.459577152173914,132.444821625
広島県,広島市安芸区,34.386269540540546,132.5611478918919
広島県,広島市東区,34.418447948905104,132.49626288321167
広島県,広島市西区,34.392250838926174,132.4186789194631
広島県,庄原市,34.907040075000005,133.06325971666666
広島県,府中市,34.61018004,133.19447874
広島県,廿日市市,34.329818195,132.294283685
広島県,東広島市,34.42532906896552,132.7384928275862
広島県,江田島市,34.23417941818182,132.46193249090908
広島県,神石郡神石高原町,34.74261554054054,133.25920878378378
広島県,福山市,34.49739434978541,133.3651161416309
広島県,竹原市,34.34524278846153,132.9301638076923
広島県,豊田郡大崎上島町,34.234127,132.8877292857143
徳島県,三好市,33.9627447393617,133.81899790957448
徳島県,三好郡東みよし町,34.03038657142857,133.921857
徳島県,勝浦郡上勝町,33.9016124,134.3942188
徳島県,勝浦郡勝浦町,33.931889125,134.502890125
徳島県,吉野川市,34.053505283236994,134.25866808092485
徳島県,名東郡佐那河内村,33.98150699999999,134.4504505
徳島県,名西郡石井町,34.08011534285714,134.43420365714286
徳島県,名西郡神山町,33.9768046,134.34113
徳島県,小松島市,33.988353802985074,134.59829779402986
徳島県,徳島市,34.05557193312757,134.53656020987654
徳島県,板野郡上板町,34.117232214285714,134.418709
徳島県,板野郡北島町,34.128715794871795,134.5512617008547
徳島県,板野郡松茂町,34.13852440625,134.58336901041667
徳島県,板野郡板野町,34.140092333333335,134.44881166666667
徳島県,板野郡藍住町,34.12748401111111,134.49314346666668
徳島県,海部郡海陽町,33.60873375,134.30238284375
徳島県,海部郡牟岐町,33.6711512972973,134.42169554054055
徳島県,海部郡美波町,33.75208996,134.55226012
徳島県,美馬市,34.06226879545455,134.13630459090908
徳島県,美馬郡つるぎ町,34.029810000000005,134.06320946153846
徳島県,那賀郡那賀町,33.8194732,134.3626285
徳島県,阿南市,33.923795363214836,134.64242819938178
徳島県,阿波市,34.09234350340136,134.24175997959182
徳島県,鳴門市,34.16999273036093,134.565332462845
愛媛県,上浮穴郡久万高原町,33.646853,132.9720525
愛媛県,今治市,34.06579515723271,132.99356053249477
愛媛県,伊予市,33.72466828571429,132.70593282857143
愛媛県,伊予郡松前町,33.790936900000005,132.726447
愛媛県,伊予郡砥部町,33.72428190322581,132.78689154838708
愛媛県,八幡浜市,33.458208293233085,132.4257142406015
愛媛県,北宇和郡松野町,33.21652411111111,132.7173837777778
愛媛県,北宇和郡鬼北町,33.288230184210526,132.7147397368421
愛媛県,南宇和郡愛南町,32.96522678787879,132.54304957575758
愛媛県,喜多郡内子町,33.567981378378384,132.72774297297298
愛媛県,四国中央市,33.9711901369863,133.5350995479452
愛媛県,大洲市,33.530249097826086,132.5761352826087
愛媛県,宇和島市,33.21296797165992,132.5505682388664
愛媛県,新居浜市,33.95361911675127,133.30229187309646
愛媛県,東温市,33.79315030769231,132.89159492307692
愛媛県,松山市,33.85541923146747,132.76630679122542
愛媛県,西予市,33.387377666666666,132.56032576190475
愛媛県,西宇和郡伊方町,33.43566076315789,132.2217945
愛媛県,西条市,33.89937571257485,133.12346959281436
愛媛県,越智郡上島町,34.258373578947364,133.21721884210524
愛知県,あま市,35.18721432387097,136.7999630748387
愛知県,みよし市,35.09063701699029,137.08637071359223
愛知県,一宮市,35.31081304335951,136.7965661847047
愛知県,丹羽郡大口町,35.3333481882353,136.9112223764706
愛知県,丹羽郡扶桑町,35.35981630935252,136.90884420143885
愛知県,刈谷市,35.00102909681529,137.01270729171975
愛知県,北名古屋市,35.24634482440476,136.87226190178572
愛知県,北設楽郡東栄町,35.081758416666666,137.7035555
愛知県,北設楽郡設楽町,35.10181765,137.56538855
愛知県,北設楽郡豊根村,35.1728455,137.72807133333333
愛知県,半田市,34.90381271283784,136.92860094594593
愛知県,名古屋市中区,35.16093236065574,136.90572375409835
愛知県,名古屋市中川区,35.13890109661017,136.85396211694913
愛知県,名古屋市中村区,35.16586580952381,136.86022245238095
愛知県,名古屋市北区,35.203972431677016,136.91903442857142
愛知県,名古屋市千種区,35.168583888217526,136.95894066465257
愛知県,名古屋市南区,35.093397532808396,136.92347190288714
愛知県,名古屋市名東区,35.16709573770492,137.00377182513662
愛知県,名古屋市天白区,35.1214525,136.98387021341463
愛知県,名古屋市守山区,35.224394490706324,136.9993467881041
愛知県,名古屋市昭和区,35.14795915100671,136.9399825100671
愛知県,名古屋市東区,35.18257210344827,136.9308819770115
愛知県,名古屋市港区,35.104551823204424,136.85488124585635
愛知県,名古屋市熱田区,35.12943620952381,136.89852524761903
愛知県,名古屋市瑞穂区,35.12808808381503,136.9354243786127
愛知県,名古屋市緑区,35.07476378308026,136.96167528199567
愛知県,名古屋市西区,35.20418823195876,136.88597320618555
愛知県,大府市,35.020727388059704,136.95570069850746
愛知県,安城市,34.945346933200405,137.0783878783649
愛知県,小牧市,35.29286997844828,136.9369742198276
愛知県,尾張旭市,35.21213097826087,137.0335039619565
愛知県,岡崎市,34.943625585006274,137.18850034567126
愛知県,岩倉市,35.2795968422619,136.8693864940476
愛知県,常滑市,34.887816676427526,136.85255865592973
愛知県,弥富市,35.09563559398496,136.7510198045113
愛知県,愛知郡東郷町,35.09730488819876,137.05123255900622
愛知県,愛西市,35.17697127967258,136.7192286480218
愛知県,新城市,34.902834763329004,137.5125093953186
愛知県,日進市,35.13598252364865,137.0461274054054
愛知県,春日井市,35.258045401060066,136.9876340936396
愛知県,東海市,35.027437157575754,136.90805611212122
愛知県,江南市,35.34136018699187,136.8696410081301
愛知県,津島市,35.17264664803312,136.7486162877847
愛知県,海部郡大治町,35.17340879617834,136.82213793630575
愛知県,海部郡蟹江町,35.13589172103004,136.78633375965666
愛知県,海部郡飛島村,35.07784006930693,136.79720435643566
愛知県,清須市,35.21758540802676,136.84778382943145
愛知県,瀬戸市,35.22311249329759,137.09316991689008
愛知県,犬山市,35.35965156862745,136.9602961629902
愛知県,田原市,34.64322573170732,137.20205341384735
愛知県,知多市,34.967379897569444,136.86543194097223
愛知県,知多郡南知多町,34.72686749719101,136.92075445786517
愛知県,知多郡東浦町,34.97102276616915,136.9568614353234
愛知県,知多郡武豊町,34.84367892198581,136.9089569432624
愛知県,知多郡美浜町,34.77636904845815,136.88766453744495
愛知県,知多郡阿久比町,34.935466675381264,136.9141614117647
愛知県,知立市,35.000676504885995,137.0490856872964
愛知県,碧南市,34.890557001574805,137.00019003779528
愛知県,稲沢市,35.24063126128417,136.76725061983473
愛知県,蒲郡市,34.81964620598802,137.21771571976046
愛知県,西尾市,34.837931897967316,137.06480074172978
愛知県,西春日井郡豊山町,35.24801081818182,136.9139364909091
愛知県,豊川市,34.83479831523872,137.366208852191
愛知県,豊明市,35.05868407798165,137.01074910091745
愛知県,豊橋市,34.745602510462554,137.40017654570485
愛知県,豊田市,35.09519359936084,137.17775728617084
愛知県,長久手市,35.17954403571429,137.05149772959183
愛知県,額田郡幸田町,34.861402912121214,137.16979215909092
愛知県,高浜市,34.93188496774194,136.99451617741937
新潟県,三島郡出雲崎町,37.53133395121951,138.71232587804877
新潟県,三条市,37.60510161003861,138.98331433976836
新潟県,上越市,37.13900466970387,138.31365564123007
新潟県,中魚沼郡津南町,36.98120988235294,138.64178311764704
新潟県,五泉市,37.71581011695906,139.187090748538
新潟県,佐渡市,38.01978365460526,138.3443363717105
新潟県,刈羽郡刈羽村,37.42513475,138.6344361
新潟県,加茂市,37.657592692307695,139.05707524358974
新潟県,北蒲原郡聖籠町,37.979426814814815,139.26625318518518
新潟県,十日町市,37.11590772674418,138.72176475872092
新潟県,南蒲原郡田上町,37.69725023076923,139.06099553846155
新潟県,南魚沼市,37.07525762295082,138.8994324808743
新潟県,南魚沼郡湯沢町,36.9134819,138.8056991
新潟県,妙高市,36.999480179190755,138.25126817919076
新潟県,小千谷市,37.30558455405405,138.79792666216215
新潟県,岩船郡粟島浦村,38.460425666666666,139.24431
新潟県,岩船郡関川村,38.08977470212766,139.56660282978723
新潟県,新潟市中央区,37.914509384158414,139.04766917821783
新潟県,新潟市北区,37.92280181012658,139.18824881012657
新潟県,新潟市南区,37.77546669503546,139.02483292198582
新潟県,新潟市東区,37.92182525193799,139.10069645348835
新潟県,新潟市江南区,37.86578794464944,139.10802044280445
新潟県,新潟市秋葉区,37.79713228666667,139.11765553333333
新潟県,新潟市西区,37.8658662360515,138.96469573819743
新潟県,新潟市西蒲区,37.7573038630137,138.90990826027397
新潟県,新発田市,37.95424010069444,139.3445292673611
新潟県,村上市,38.25930608633094,139.49531226618706
新潟県,東蒲原郡阿賀町,37.682094081967215,139.43783811475407
新潟県,柏崎市,37.362753973880594,138.58620675
新潟県,燕市,37.661883028436016,138.88806767298578
新潟県,糸魚川市,37.027183453125,137.91632603125
新潟県,胎内市,38.062011617391306,139.40841712173912
新潟県,西蒲原郡弥彦村,37.689857608695654,138.85029495652174
新潟県,見附市,37.53107310185185,138.91708110185186
新潟県,長岡市,37.47037010103092,138.84770269690722
新潟県,阿賀野市,37.83028867592593,139.23649280555557
新潟県,魚沼市,37.26182805555556,138.98659515079368
東京都,あきる野市,35.728230607142855,139.2741240714286
東京都,三宅村,34.08799883333334,139.5191401666667
東京都,三鷹市,35.68555922580645,139.5614935967742
東京都,世田谷区,35.64053037184115,139.6353491263538
東京都,中央区,35.6757957755102,139.7771692244898
東京都,中野区,35.711335811764705,139.66194028235296
東京都,八丈町,33.10570357142857,139.77049485714286
東京都,八王子市,35.65387214070352,139.3297611809045
東京都,北区,35.761875911504426,139.73158032743362
東京都,千代田区,35.69180986086956,139.75971808695652
東京都,台東区,35.714200222222225,139.78582924074075
東京都,品川区,35.6115293,139.72445103846155
東京都,国分寺市,35.706017457142856,139.46189251428572
東京都,国立市,35.68680783333333,139.43771533333333
東京都,墨田区,35.70703957692307,139.81206185576923
東京都,多摩市,35.62921686516854,139.44035108988766
東京都,大島町,34.761829375000005,139.37770545
東京都,大田区,35.573614875000004,139.71817337962963
東京都,小平市,35.72791256756757,139.48226202702702
東京都,小笠原村,25.45034457142857,142.68086457142857
東京都,小金井市,35.70155102222222,139.51082942222223
東京都,府中市,35.67126545578231,139.48012856462586
東京都,御蔵島村,33.897291,139.595894
東京都,文京区,35.717020911764706,139.7471293970588
東京都,新宿区,35.700436059210524,139.71826540789473
東京都,新島村,34.37363711111111,139.2551261111111
東京都,日野市,35.663969403669725,139.39337220183486
東京都,昭島市,35.708291575,139.365706575
東京都,杉並区,35.69885069064748,139.6239583381295
東京都,東久留米市,35.7543150625,139.52033225
東京都,東大和市,35.74771159210527,139.4305284736842
東京都,東村山市,35.75854094339623,139.4699793207547
東京都,板橋区,35.76901179104478,139.67794709701494
東京都,武蔵村山市,35.75170258461538,139.38414103076923
東京都,武蔵野市,35.708163039215684,139.56124107843138
東京都,江戸川区,35.69516600502512,139.87871527135678
東京都,江東区,35.67084783974359,139.8127704102564
東京都,清瀬市,35.782082302325584,139.52290790697674
東京都,渋谷区,35.6654809125,139.6970510125
東京都,港区,35.65540625641025,139.7394476837607
東京都,狛江市,35.63503853658536,139.57762919512197
東京都,町田市,35.556924185792354,139.45492975956284
東京都,目黒区,35.62976767045455,139.6890967840909
東京都,神津島村,34.21026388888889,139.14374188888888
東京都,福生市,35.7384368,139.3302683
東京都,稲城市,35.62955779166666,139.4880685
東京都,立川市,35.71420006329114,139.40535181012658
東京都,練馬区,35.74628064851485,139.6224803118812
東京都,羽村市,35.763360862745095,139.31403288235296
東京都,荒川区,35.74043390384615,139.7780623653846
東京都,葛飾区,35.75205795483871,139.85561214193547
東京都,西多摩郡奥多摩町,35.806247666666664,139.09213153333334
東京都,西多摩郡日の出町,35.754901000000004,139.241916
東京都,西多摩郡檜原村,35.733453153846156,139.1149576153846
東京都,西多摩郡瑞穂町,35.77468231818182,139.34070068181816
東京都,西東京市,35.73591461403509,139.5487552105263
東京都,調布市,35.65774974074074,139.55270955555557
東京都,豊島区,35.7319853253012,139.71191361445784
東京都,足立区,35.78000824163569,139.79752685130111
東京都,青ヶ島村,32.459834,139.76484649999998
東京都,青梅市,35.794075319444445,139.26619863888888
栃木県,さくら市,36.71129377551021,139.990428877551
栃木県,下都賀郡壬生町,36.455266916666666,139.81531547916666
栃木県,下都賀郡野木町,36.2283366,139.7416096
栃木県,下野市,36.39907411111111,139.86066364197532
栃木県,佐野市,36.349248169491524,139.57782210169492
栃木県,塩谷郡塩谷町,36.7699595,139.85122737499998
栃木県,塩谷郡高根沢町,36.6305721875,140.0127433125
栃木県,大田原市,36.86095161261262,140.0640377927928
栃木県,宇都宮市,36.55886943259558,139.88715373239438
栃木県,小山市,36.30662218617021,139.79973692021275
栃木県,日光市,36.75113513103448,139.63639400689655
栃木県,栃木市,36.369728763888894,139.7097145
栃木県,河内郡上三川町,36.445243733333335,139.90699333333333
栃木県,真岡市,36.42291330215827,139.98750620863308
栃木県,矢板市,36.8051065,139.92349491666667
栃木県,芳賀郡市貝町,36.5663335,140.1070722222222
栃木県,芳賀郡益子町,36.459009583333334,140.100303
栃木県,芳賀郡芳賀町,36.549789600000004,140.0445881
栃木県,芳賀郡茂木町,36.54444404878049,140.18732948780487
栃木県,足利市,36.33469303773585,139.46054298742138
栃木県,那須塩原市,36.93669328282828,139.99518364141414
栃木県,那須烏山市,36.659797499999996,140.13095820689654
栃木県,那須郡那珂川町,36.75274043333334,140.16029973333335
栃木県,那須郡那須町,37.01316996296296,140.12883474074073
栃木県,鹿沼市,36.55510183969466,139.73576082442747
沖縄県,うるま市,26.373582285714285,127.86595371428571
沖縄県,中頭郡中城村,26.261088588235296,127.78862076470587
沖縄県,中頭郡北中城村,26.303382692307693,127.79889592307693
沖縄県,中頭郡北谷町,26.317953619047618,127.76283342857144
沖縄県,中頭郡嘉手納町,26.362008,127.756797625
沖縄県,中頭郡西原町,26.231292760000002,127.75950295999999
沖縄県,中頭郡読谷村,26.39595790909091,127.7431345909091
沖縄県,八重山郡与那国町,24.455925,122.987678
沖縄県,八重山郡竹富町,24.304386538461536,123.8787486923077
沖縄県,南城市,26.164066706896552,127.78817889655173
沖縄県,名護市,26.59593335164835,127.99544324175824
沖縄県,国頭郡今帰仁村,26.68253957894737,127.96926778947368
沖縄県,国頭郡伊江村,26.72011,127.7835376
沖縄県,国頭郡国頭村,26.763822750000003,128.22884265
沖縄県,国頭郡大宜味村,26.673810125,128.1336105
沖縄県,国頭郡宜野座村,26.49565,127.9651855
沖縄県,国頭郡恩納村,26.467722636363636,127.84157545454545
沖縄県,国頭郡本部町,26.668841481481483,127.89975114814816
沖縄県,国頭郡東村,26.626081833333334,128.16943133333334
沖縄県,国頭郡金武町,26.462495666666666,127.88313866666665
沖縄県,宜野湾市,26.27292964102564,127.75630215384615
沖縄県,宮古島市,24.782852513513514,125.31587851351351
沖縄県,宮古郡多良間村,24.689385333333334,124.69837133333334
沖縄県,島尻郡与那原町,26.2008945,127.75769475
沖縄県,島尻郡久米島町,26.407776074074075,126.82569948148148
沖縄県,島尻郡伊平屋村,27.0325534,127.95564019999999
沖縄県,島尻郡伊是名村,26.9334568,127.93861199999999
沖縄県,島尻郡八重瀬町,26.14162060869565,127.72623408695652
沖縄県,島尻郡北大東村,25.5758595,131.273433
沖縄県,島尻郡南大東村,25.841003666666666,131.2425145
沖縄県,島尻郡南風原町,26.193372333333333,127.72969083333334
沖縄県,島尻郡座間味村,26.2170452,127.2966562
沖縄県,島尻郡渡名喜村,26.36692034090909,127.14645949999999
沖縄県,島尻郡渡嘉敷村,26.19430733333333,127.38793533333335
沖縄県,島尻郡粟国村,26.587397999999997,127.230992
沖縄県,沖縄市,26.338040655405404,127.81239839864864
沖縄県,浦添市,26.249450493670885,127.71500826582277
沖縄県,石垣市,24.394050321428573,124.18866160714286
沖縄県,糸満市,26.12332828888889,127.68093184444444
沖縄県,豊見城市,26.17564303448276,127.67957410344827
沖縄県,那覇市,26.213253908256878,127.6923771880734
滋賀県,大津市,35.016823821218075,135.90087669155204
滋賀県,守山市,35.06604090410959,135.984910369863
滋賀県,彦根市,35.24905481818182,136.23702995104895
滋賀県,愛知郡愛荘町,35.17095792857143,136.23599480952382
滋賀県,東近江市,35.11423343442623,136.21858229918033
滋賀県,栗東市,35.025962361445785,135.99118163855422
滋賀県,湖南市,35.01044547692308,136.07011312307694
滋賀県,犬上郡多賀町,35.22141386842105,136.32164836842105
滋賀県,犬上郡甲良町,35.2044115,136.26485591666668
滋賀県,犬上郡豊郷町,35.1981953125,136.2294571875
滋賀県,甲賀市,34.93826931428571,136.17675773714288
滋賀県,米原市,35.35710433333333,136.34075915555556
滋賀県,草津市,35.01168897959184,135.95453828571428
滋賀県,蒲生郡日野町,35.01746487692308,136.25004715384617
滋賀県,蒲生郡竜王町,35.070823749999995,136.11582845833334
滋賀県,近江八幡市,35.1293353968254,136.09670966666667
滋賀県,野洲市,35.084109672413796,136.0257805862069
滋賀県,長浜市,35.448181154838714,136.2542353419355
滋賀県,高島市,35.37583146,135.99706142666668
熊本県,上天草市,32.49838466666667,130.40778213333334
熊本県,上益城郡嘉島町,32.743285099999994,130.7491612
熊本県,上益城郡山都町,32.70056623469388,131.0557871122449
熊本県,上益城郡御船町,32.71999953333333,130.81707333333333
熊本県,上益城郡甲佐町,32.6710291,130.80695286666665
熊本県,上益城郡益城町,32.79458008333334,130.8280505
熊本県,下益城郡美里町,32.620436958333336,130.84589841666667
熊本県,人吉市,32.204763802083335,130.75311633333334
熊本県,八代市,32.499658191588786,130.62168392523364
熊本県,八代郡氷川町,32.568485315789474,130.67964936842108
熊本県,合志市,32.89264266666667,130.77121424999999
熊本県,天草市,32.41653562,130.17242392
熊本県,天草郡苓北町,32.493309124999996,130.064082875
熊本県,宇土市,32.683910234375,130.647649390625
熊本県,宇城市,32.626253932432434,130.67180864864866
熊本県,山鹿市,33.01800738461539,130.7126028131868
熊本県,水俣市,32.20198086813187,130.41436143956045
熊本県,熊本市中央区,32.79812579326923,130.71523716346152
熊本県,熊本市北区,32.86435988,130.7227076457143
熊本県,熊本市南区,32.747239669950744,130.69350793103447
熊本県,熊本市東区,32.80116282089552,130.76762542786068
熊本県,熊本市西区,32.7930880078125,130.665639703125
熊本県,玉名市,32.921621599999995,130.5567644125
熊本県,玉名郡南関町,33.0351826,130.548921
熊本県,玉名郡和水町,33.02330341025641,130.61626123076923
熊本県,玉名郡玉東町,32.909177,130.62741060000002
熊本県,玉名郡長洲町,32.92529661538462,130.4663746153846
熊本県,球磨郡あさぎり町,32.23061364285714,130.90216092857142
熊本県,球磨郡五木村,32.421469,130.82201466666666
熊本県,球磨郡多良木町,32.258680600000005,130.96783599999998
熊本県,球磨郡山江村,32.310140000000004,130.76813900000002
熊本県,球磨郡水上村,32.35351166666666,131.018044
熊本県,球磨郡球磨村,32.2628996,130.6486218
熊本県,球磨郡相良村,32.2740086,130.8209756
熊本県,球磨郡錦町,32.211545,130.84037933333335
熊本県,荒尾市,32.98284154838709,130.45707780645162
熊本県,菊池市,32.97036135897436,130.80160247435896
熊本県,菊池郡大津町,32.88105039285714,130.88994110714285
熊本県,菊池郡菊陽町,32.860971054054055,130.7898182972973
熊本県,葦北郡津奈木町,32.2399156,130.459528
熊本県,葦北郡芦北町,32.30322940425532,130.53501972340425
熊本県,阿蘇市,32.95387622727273,131.09016213636363
熊本県,阿蘇郡南小国町,33.073054,131.08449099999999
熊本県,阿蘇郡南阿蘇村,32.85251690909091,131.04345272727275
熊本県,阿蘇郡小国町,33.140547166666664,131.07387383333332
熊本県,阿蘇郡産山村,33.00369379999999,131.2090116
熊本県,阿蘇郡西原村,32.8284194,130.9253144
熊本県,阿蘇郡高森町,32.82492157142857,131.2074457142857
石川県,かほく市,36.72808043630573,136.71156937261145
石川県,七尾市,37.04478544009216,136.9527723294931
石川県,加賀市,36.307925008589834,136.34795394631354
石川県,小松市,36.38029267283073,136.45455765931723
石川県,河北郡内灘町,36.657743788235294,136.65118548235293
石川県,河北郡津幡町,36.67795363302752,136.75984217431193
石川県,珠洲市,37.447789666666665,137.25764624293785
石川県,白山市,36.47406570477569,136.57064652821998
石川県,羽咋市,36.89911722745098,136.78963711764706
石川県,羽咋郡宝達志水町,36.830102924528305,136.78955335849056
石川県,羽咋郡志賀町,37.08824341525424,136.7666293559322
石川県,能美市,36.444476253205124,136.50305979326922
石川県,能美郡川北町,36.47164635074627,136.53579935820895
石川県,輪島市,37.339523434262944,136.86916031075697
石川県,野々市市,36.526410723809526,136.60482072380952
石川県,金沢市,36.573277202551026,136.66385182602042
石川県,鳳珠郡穴水町,37.23240878082192,136.91843239041097
石川県,鳳珠郡能登町,37.32607726315789,137.1415014
石川県,鹿島郡中能登町,36.97316834042553,136.8985854680851
神奈川県,三浦市,35.15483871875,139.63002590625
神奈川県,三浦郡葉山町,35.270658,139.60185366666667
神奈川県,中郡二宮町,35.3094604375,139.250056125
神奈川県,中郡大磯町,35.316573285714284,139.2949789047619
神奈川県,伊勢原市,35.40094692753623,139.31498728985508
神奈川県,南足柄市,35.31430233333334,139.0954972962963
神奈川県,厚木市,35.452475631944445,139.34632448611111
神奈川県,大和市,35.476678221311474,139.454519647541
神奈川県,小田原市,35.27306347887324,139.16953124647887
神奈川県,川崎市中原区,35.57657202666667,139.64928877333335
神奈川県,川崎市多摩区,35.61819162745098,139.54865689215686
神奈川県,川崎市宮前区,35.58772646341463,139.57674328048782
神奈川県,川崎市川崎区,35.523629891304346,139.71925604347825
神奈川県,川崎市幸区,35.54386395454545,139.68271136363637
神奈川県,川崎市高津区,35.594406263888885,139.61596866666665
神奈川県,川崎市麻生区,35.602315958677686,139.50190177685948
神奈川県,平塚市,35.34674984615385,139.33464341666667
神奈川県,座間市,35.48659204477612,139.41362159701492
神奈川県,愛甲郡愛川町,35.52461746153846,139.315927
神奈川県,愛甲郡清川村,35.4921705,139.238433
神奈川県,横浜市中区,35.43938251162791,139.63989502325583
神奈川県,横浜市保土ケ谷区,35.4566504032258,139.5850815483871
神奈川県,横浜市南区,35.431209993865025,139.61141838650306
神奈川県,横浜市戸塚区,35.402967391304344,139.53314563043477
神奈川県,横浜市旭区,35.47704869444445,139.5304700138889
神奈川県,横浜市栄区,35.3629527962963,139.5586103148148
神奈川県,横浜市泉区,35.41717352459016,139.50634319672133
神奈川県,横浜市港北区,35.53156999009901,139.62911773267328
神奈川県,横浜市港南区,35.39632390476191,139.57939673809523
神奈川県,横浜市瀬谷区,35.46694459322034,139.48748527118644
神奈川県,横浜市磯子区,35.39824014473684,139.61467182894737
神奈川県,横浜市神奈川区,35.48197512598425,139.62952537795277
神奈川県,横浜市緑区,35.51414153968254,139.53486553968256
神奈川県,横浜市西区,35.45616047058824,139.6191593970588
神奈川県,横浜市都筑区,35.547320326315784,139.5782259263158
神奈川県,横浜市金沢区,35.34557525742574,139.6199576831683
神奈川県,横浜市青葉区,35.559887025316456,139.52752087341773
神奈川県,横浜市鶴見区,35.51036456153846,139.6741620076923
神奈川県,横須賀市,35.256798568965515,139.66620364080458
神奈川県,海老名市,35.44222554368932,139.39391933980582
神奈川県,相模原市中央区,35.56671911764706,139.37549493464053
神奈川県,相模原市南区,35.528963696,139.420621808
神奈川県,相模原市緑区,35.59364298989899,139.2876578989899
神奈川県,秦野市,35.37717119811321,139.21667268867924
神奈川県,綾瀬市,35.43805860169492,139.43225817796608
神奈川県,茅ヶ崎市,35.336998801652896,139.41119055371902
神奈川県,藤沢市,35.34927385308057,139.47287400473934
神奈川県,足柄上郡中井町,35.3330175,139.213428625
神奈川県,足柄上郡大井町,35.33434490909091,139.163333
神奈川県,足柄上郡山北町,35.38427993333333,139.05449126666664
神奈川県,足柄上郡松田町,35.36726,139.1383195
神奈川県,足柄上郡開成町,35.329465846153845,139.1242603076923
神奈川県,足柄下郡湯河原町,35.15019038888889,139.10192355555557
神奈川県,足柄下郡真鶴町,35.1626045,139.135029
神奈川県,足柄下郡箱根町,35.232133352941176,139.05508247058822
神奈川県,逗子市,35.29871605660377,139.5823266981132
神奈川県,鎌倉市,35.32705554248366,139.5347371111111
神奈川県,高座郡寒川町,35.36984214705882,139.38874535294119
福井県,あわら市,36.22125980645161,136.23014677419354
福井県,三方上中郡若狭町,35.51165090789473,135.87347914473685
福井県,三方郡美浜町,35.60965793939394,135.95011548484848
福井県,丹生郡越前町,35.96281568367347,136.07621637755102
福井県,今立郡池田町,35.885387808510636,136.3638674255319
福井県,勝山市,36.06782390163935,136.4996767295082
福井県,南条郡南越前町,35.797783379310346,136.18842756896552
福井県,吉田郡永平寺町,36.087672516483515,136.32511223076924
福井県,坂井市,36.164092193905816,136.22508547922436
福井県,大野市,35.95886732663317,136.54286934170852
福井県,大飯郡おおい町,35.43371063043478,135.62378989130434
福井県,大飯郡高浜町,35.49592555769231,135.52571228846153
福井県,小浜市,35.49094625,135.75379339583333
福井県,敦賀市,35.64921061842105,136.07134922368422
福井県,福井市,36.06043565205479,136.21047263835615
福井県,越前市,35.9000496875,136.17954121484374
福井県,鯖江市,35.958526856209154,136.19298009803921
福岡県,うきは市,33.33572851612903,130.77580487096773
福岡県,みやま市,33.12697746153846,130.4868925
福岡県,三井郡大刀洗町,33.3772911875,130.6148185625
福岡県,三潴郡大木町,33.21063216666667,130.4408253888889
福岡県,中間市,33.820389794871794,130.71854233333335
福岡県,久留米市,33.30975351452282,130.54165461825727
福岡県,京都郡みやこ町,33.65734514035088,130.94549207017545
福岡県,京都郡苅田町,33.77029906666667,130.97331715
福岡県,八女市,33.20715996103896,130.6030450909091
福岡県,八女郡広川町,33.248806214285715,130.55685957142856
福岡県,北九州市八幡東区,33.86320184090909,130.81483537878788
福岡県,北九州市八幡西区,33.84071799755501,130.73974754767727
福岡県,北九州市小倉北区,33.87715932894737,130.87644189912282
福岡県,北九州市小倉南区,33.82860674715909,130.90427606534092
福岡県,北九州市戸畑区,33.891689896551725,130.82977109195403
福岡県,北九州市若松区,33.90150803246753,130.75385177272727
福岡県,北九州市門司区,33.9153014822335,130.9570810862944
福岡県,古賀市,33.73250957746479,130.47655990140845
福岡県,嘉穂郡桂川町,33.580335444444444,130.67298355555556
福岡県,嘉麻市,33.55133845945946,130.7328424054054
福岡県,大川市,33.20722354054054,130.38807064864864
福岡県,大牟田市,33.02985190612245,130.45113253061226
福岡県,大野城市,33.525800949640285,130.48026531654676
福岡県,太宰府市,33.51355539316239,130.5165148888889
福岡県,宗像市,33.806949522222226,130.56021845555554
福岡県,宮若市,33.72247197058824,130.62275002941178
福岡県,小郡市,33.41094533333333,130.56182057894736
福岡県,春日市,33.52624211297071,130.4555500962343
福岡県,朝倉市,33.40419998958333,130.70732222916666
福岡県,朝倉郡東峰村,33.42921375,130.85220425
福岡県,朝倉郡筑前町,33.45125086486487,130.61433727027025
福岡県,柳川市,33.16090200892857,130.41055876785714
福岡県,田川市,33.63632077419355,130.80429648387096
福岡県,田川郡大任町,33.613215,130.851986
福岡県,田川郡川崎町,33.596672999999996,130.8097784
福岡県,田川郡添田町,33.52951725,130.8712295
福岡県,田川郡福智町,33.696890714285715,130.778865
福岡県,田川郡糸田町,33.655431500000006,130.7811745
福岡県,田川郡赤村,33.60770866666667,130.88080766666667
福岡県,田川郡香春町,33.671490999999996,130.8573071666667
福岡県,直方市,33.74935748717949,130.73281705128204
福岡県,福岡市中央区,33.58363765853659,130.3877168699187
福岡県,福岡市南区,33.54754448447205,130.4153713726708
福岡県,福岡市博多区,33.57568420657277,130.44197516901409
福岡県,福岡市城南区,33.55462469148936,130.37051826595746
福岡県,福岡市早良区,33.54569867058824,130.34111411764704
福岡県,福岡市東区,33.65491267521368,130.43242745726496
福岡県,福岡市西区,33.57746955921053,130.28896613157895
福岡県,福津市,33.7723903490566,130.49211376415096
福岡県,筑後市,33.204275976744185,130.48911193023255
福岡県,筑紫野市,33.481774513513514,130.5306742972973
福岡県,築上郡上毛町,33.56348110526316,131.15230200000002
福岡県,築上郡吉富町,33.6050537,131.1684974
福岡県,築上郡築上町,33.637757219512196,131.02815995121952
福岡県,糟屋郡久山町,33.667266000000005,130.51324033333333
福岡県,糟屋郡宇美町,33.56539242105263,130.52368375
福岡県,糟屋郡志免町,33.58873068571428,130.4754880142857
福岡県,糟屋郡新宮町,33.706998206349205,130.44729173015872
福岡県,糟屋郡篠栗町,33.62701275,130.53313841666667
福岡県,糟屋郡粕屋町,33.61479270909091,130.4727369090909
福岡県,糟屋郡須恵町,33.590315,130.511421
福岡県,糸島市,33.550553046979864,130.1971024228188
福岡県,行橋市,33.718462780487805,130.97252436585364
福岡県,豊前市,33.591274396551725,131.11352887931034
福岡県,遠賀郡岡垣町,33.850587708333336,130.61807595833335
福岡県,遠賀郡水巻町,33.854304444444445,130.69495854166667
福岡県,遠賀郡芦屋町,33.89372385714286,130.66689376190476
福岡県,遠賀郡遠賀町,33.84655341025641,130.6663245897436
福岡県,那珂川市,33.50729227358491,130.425271745283
福岡県,鞍手郡小竹町,33.70913933333333,130.70566666666667
福岡県,鞍手郡鞍手町,33.789718625,130.67491243749998
福岡県,飯塚市,33.6294126122449,130.67982794897958
福島県,いわき市,37.019554562647755,140.88369584599798
福島県,二本松市,37.59442143057997,140.452309599297
福島県,伊達市,37.826769836776855,140.57451374070249
福島県,伊達郡国見町,37.88191831717172,140.55648206666666
福島県,伊達郡川俣町,37.66611931578947,140.594704048583
福島県,伊達郡桑折町,37.85183796405919,140.52065617336152
福島県,会津若松市,37.50807753758865,139.92327074042552
福島県,南会津郡下郷町,37.25923918181818,139.88392959090908
福島県,南会津郡南会津町,37.17416166887417,139.65514272847682
福島県,南会津郡只見町,37.32473795833334,139.38453995833333
福島県,南会津郡檜枝岐村,37.0212915,139.38572588888889
福島県,南相馬市,37.62896839065606,140.9740941252485
福島県,双葉郡双葉町,37.44969810550459,140.99977358715597
福島県,双葉郡大熊町,37.39978619512195,140.9923045609756
福島県,双葉郡富岡町,37.35169516883117,140.99280187012988
福島県,双葉郡川内村,37.332539,140.810313
福島県,双葉郡広野町,37.2192197027027,140.98963767567568
福島県,双葉郡楢葉町,37.27399108056872,140.99820553554503
福島県,双葉郡浪江町,37.491696807095344,140.97792337915743
福島県,双葉郡葛尾村,37.50647925,140.755573
福島県,喜多方市,37.65081873922652,139.8759298
福島県,大沼郡三島町,37.46567238461539,139.64885661538463
福島県,大沼郡会津美里町,37.45153346387833,139.8618762205323
福島県,大沼郡昭和村,37.32633188888889,139.63633144444444
福島県,大沼郡金山町,37.43273933333333,139.50586122222222
福島県,安達郡大玉村,37.54238639543726,140.36632272623575
福島県,岩瀬郡天栄村,37.24849976923077,140.2085466923077
福島県,岩瀬郡鏡石町,37.246854117647054,140.35254884313727
福島県,本宮市,37.505465570388345,140.39768720873786
福島県,東白川郡塙町,36.94957721917808,140.4215884520548
福島県,東白川郡棚倉町,37.03158962111801,140.38171854037267
福島県,東白川郡矢祭町,36.86426673333334,140.42376593333333
福島県,東白川郡鮫川村,37.021638124999996,140.50862
福島県,河沼郡会津坂下町,37.56135579250721,139.82411640922192
福島県,河沼郡柳津町,37.466535750000006,139.7122507
福島県,河沼郡湯川村,37.566844315789474,139.88300522105263
福島県,田村市,37.409726429260445,140.60071827652735
福島県,田村郡三春町,37.42532427932961,140.47978305307262
福島県,田村郡小野町,37.288948737201366,140.61578101023892
福島県,白河市,37.119130018973216,140.2537396997768
福島県,相馬市,37.79135032982456,140.92565941052632
福島県,相馬郡新地町,37.86572431535269,140.90973048547716
福島県,相馬郡飯舘村,37.679857600000005,140.73951670000002
福島県,石川郡古殿町,37.100246875,140.55832675
福島県,石川郡平田村,37.218328023255815,140.5658984031008
福島県,石川郡浅川町,37.081584504587155,140.41842763302753
福島県,石川郡玉川村,37.21064564485982,140.43219506542056
福島県,石川郡石川町,37.15126120765028,140.44758892896175
福島県,福島市,37.75767378657074,140.4413771787903
福島県,耶麻郡北塩原村,37.669179,139.98481859999998
福島県,耶麻郡猪苗代町,37.56173285420561,140.11388942429906
福島県,耶麻郡磐梯町,37.56364790647482,139.99102141007194
福島県,耶麻郡西会津町,37.601526301587306,139.64817584126985
福島県,西白河郡中島村,37.142518200000005,140.36139179999998
福島県,西白河郡泉崎村,37.157283035714286,140.30163766428572
福島県,西白河郡矢吹町,37.19416136363636,140.35103614772729
福島県,西白河郡西郷村,37.14315956521739,140.1610537652174
福島県,郡山市,37.40231528817299,140.3494693111209
福島県,須賀川市,37.29583044354838,140.36320426814515
秋田県,にかほ市,39.24729024742268,139.9369084845361
秋田県,仙北市,39.65425175471698,140.6278148427673
秋田県,仙北郡美郷町,39.42588405813954,140.5478434767442
秋田県,北秋田市,40.17384941049382,140.36913270061729
秋田県,北秋田郡上小阿仁村,40.02620566666667,140.30485155555556
秋田県,南秋田郡五城目町,39.944102175,140.1251920125
秋田県,南秋田郡井川町,39.90518578571429,140.10978464285714
秋田県,南秋田郡八郎潟町,39.95325035384615,140.0795776769231
秋田県,南秋田郡大潟村,40.01260647619048,139.96982271428573
秋田県,大仙市,39.47743775069638,140.47352902089136
秋田県,大館市,40.26085220166667,140.57071505666667
秋田県,山本郡三種町,40.080726375,140.0581501875
秋田県,山本郡八峰町,40.303047416666665,140.06719041666668
秋田県,山本郡藤里町,40.3269164,140.26916820000002
秋田県,横手市,39.293495926597586,140.50655388255612
秋田県,湯沢市,39.160266671679196,140.48150020050124
秋田県,潟上市,39.86867958375635,140.0680638426396
秋田県,由利本荘市,39.36093231013917,140.08326732604374
秋田県,男鹿市,39.93011066842105,139.83631184736842
秋田県,秋田市,39.71359529296235,140.13611433387888
秋田県,能代市,40.195975795454544,140.07745451767678
秋田県,雄勝郡東成瀬村,39.152264333333335,140.693999
秋田県,雄勝郡羽後町,39.18966407692308,140.41568473076924
秋田県,鹿角市,40.22183936619719,140.790882428795
秋田県,鹿角郡小坂町,40.32743729268293,140.74646024390245
群馬県,みどり市,36.48095540909091,139.30571727272726
群馬県,伊勢崎市,36.318240088888885,139.21561562222223
群馬県,佐波郡玉村町,36.30195708,139.12650756000002
群馬県,利根郡みなかみ町,36.74037031111111,138.96031473333332
群馬県,利根郡川場村,36.705181777777774,139.1147221111111
群馬県,利根郡昭和村,36.617005285714285,139.09203785714286
群馬県,利根郡片品村,36.778327999999995,139.2347607857143
群馬県,前橋市,36.39732810791367,139.09366682374102
群馬県,北群馬郡吉岡町,36.445896000000005,139.003290125
群馬県,北群馬郡榛東村,36.4473998,138.95897340000002
群馬県,吾妻郡中之条町,36.61168081481482,138.78464444444444
群馬県,吾妻郡嬬恋村,36.52925436363636,138.5255199090909
群馬県,吾妻郡東吾妻町,36.53302334782609,138.81323582608695
群馬県,吾妻郡草津町,36.613082666666664,138.59242633333335
群馬県,吾妻郡長野原町,36.53728516666667,138.64105316666667
群馬県,吾妻郡高山村,36.622433,138.9357225
群馬県,多野郡上野村,36.072982,138.7651437142857
群馬県,多野郡神流町,36.1103232,138.8817532
群馬県,太田市,36.29716685333334,139.34440493333332
群馬県,安中市,36.325411685714286,138.84145724285716
群馬県,富岡市,36.26450301818182,138.85763267272728
群馬県,桐生市,36.42040476724138,139.32621431896553
群馬県,沼田市,36.65680541666667,139.09195926190475
群馬県,渋川市,36.50895378787879,139.01687651515152
群馬県,甘楽郡下仁田町,36.214178157894736,138.7581428421053
群馬県,甘楽郡南牧村,36.162967333333334,138.69580791666667
群馬県,甘楽郡甘楽町,36.23308869230769,138.9241953846154
群馬県,藤岡市,36.231163510204084,139.05509093877552
群馬県,邑楽郡千代田町,36.211248,139.45304935714287
群馬県,邑楽郡大泉町,36.25518726923077,139.4105305
群馬県,邑楽郡明和町,36.2075645,139.5357001875
群馬県,邑楽郡板倉町,36.231172739130436,139.623282
群馬県,邑楽郡邑楽町,36.25867891666667,139.4678385
群馬県,館林市,36.24530653246753,139.53404133766233
群馬県,高崎市,36.33529675464684,138.9949314832714
茨城県,かすみがうら市,36.12822080327869,140.27325832786886
茨城県,つくばみらい市,35.98475777227723,140.03011156435645
茨城県,つくば市,36.080324517684886,140.09107936012862
茨城県,ひたちなか市,36.381227351724135,140.55977318620688
茨城県,下妻市,36.187116604395605,139.96602994505494
茨城県,久慈郡大子町,36.7864527,140.3522457
茨城県,北相馬郡利根町,35.86879093103448,140.16302520689655
茨城県,北茨城市,36.80953965151515,140.73640481818182
茨城県,取手市,35.911991106060604,140.07230373484848
茨城県,古河市,36.1850732293578,139.7452063211009
茨城県,土浦市,36.08455113705583,140.19320479695432
茨城県,坂東市,36.0603932745098,139.89629519607843
茨城県,守谷市,35.95003250649351,139.9854001168831
茨城県,小美玉市,36.20964840350877,140.352408
茨城県,常総市,36.06708894736842,139.97175035789473
茨城県,常陸大宮市,36.58485318072289,140.36185260240964
茨城県,常陸太田市,36.57621697142857,140.50966467619048
茨城県,日立市,36.58149044747082,140.64126102723736
茨城県,東茨城郡城里町,36.48280729411765,140.33355864705882
茨城県,東茨城郡大洗町,36.309803099999996,140.567183
茨城県,東茨城郡茨城町,36.28356830952381,140.41876685714286
茨城県,桜川市,36.33857772043011,140.10897861290323
茨城県,水戸市,36.37412543373494,140.45205855823292
茨城県,潮来市,35.953713470588234,140.5658745490196
茨城県,牛久市,35.97789597260274,140.15980583561645
茨城県,猿島郡五霞町,36.10803094117647,139.74707152941178
茨城県,猿島郡境町,36.110076,139.8112647037037
茨城県,石岡市,36.210629978571426,140.24841950714284
茨城県,神栖市,35.85725667857143,140.70281489285713
茨城県,稲敷市,35.94013755555555,140.36677344444445
茨城県,稲敷郡河内町,35.87998215384616,140.26997884615386
茨城県,稲敷郡美浦村,36.01312047222222,140.32310805555554
茨城県,稲敷郡阿見町,36.01962257894737,140.22099542105263
茨城県,笠間市,36.350923013157896,140.2862995394737
茨城県,筑西市,36.293117672316384,139.9851604519774
茨城県,結城市,36.26777774509804,139.8666721764706
茨城県,結城郡八千代町,36.183692816326534,139.9001438979592
茨城県,行方市,36.065597810344826,140.48134131034482
茨城県,那珂市,36.46448076744186,140.47669572093025
茨城県,那珂郡東海村,36.46740696551724,140.57261831034484
茨城県,鉾田市,36.17105527272727,140.52614384848485
茨城県,高萩市,36.72693375,140.691927475
茨城県,鹿嶋市,35.98015020454545,140.6317447159091
茨城県,龍ヶ崎市,35.920736397058825,140.18101722794117
長崎県,五島市,32.69630316831683,128.78770383168316
長崎県,佐世保市,33.197084638709676,129.70216628709676
長崎県,北松浦郡佐々町,33.24509269230769,129.65793626923076
長崎県,北松浦郡小値賀町,33.19632476923077,129.059673
長崎県,南島原市,32.667921022222224,130.26070406666668
長崎県,南松浦郡新上五島町,32.9656047804878,129.067411
長崎県,壱岐市,33.78234398198198,129.71576146846846
長崎県,大村市,32.92856563106796,129.96491789320388
長崎県,対馬市,34.38169770247934,129.32314014049587
長崎県,島原市,32.787638967741934,130.3577003612903
長崎県,平戸市,33.323451626262624,129.50187047474748
長崎県,東彼杵郡川棚町,33.078210176470584,129.86316447058823
長崎県,東彼杵郡東彼杵町,33.033695,129.94813813043478
長崎県,東彼杵郡波佐見町,33.12935505,129.899295
長崎県,松浦市,33.37417052083333,129.73733429166666
長崎県,西彼杵郡時津町,32.83597946153846,129.83860784615385
長崎県,西彼杵郡長与町,32.82514008333333,129.880742
長崎県,西海市,32.9958941,129.67634218333333
長崎県,諫早市,32.856885270588236,130.0648202882353
長崎県,長崎市,32.758114,129.85546771399177
長崎県,雲仙市,32.8076538,130.23384805714286
長野県,上伊那郡中川村,35.6366705,137.9612085
長野県,上伊那郡南箕輪村,35.876523846153844,137.96195146153846
長野県,上伊那郡宮田村,35.761377238095235,137.939774
長野県,上伊那郡箕輪町,35.9127838,137.9894078
長野県,上伊那郡辰野町,35.98260994117647,137.9832214117647
長野県,上伊那郡飯島町,35.6758654,137.9233276
長野県,上水内郡信濃町,36.80815918181818,138.20727627272728
長野県,上水内郡小川村,36.632446,137.96188475
長野県,上水内郡飯綱町,36.745914052631576,138.23417994736843
長野県,上田市,36.37968557364341,138.2377314418605
長野県,上高井郡小布施町,36.70115,138.3125884
長野県,上高井郡高山村,36.670437,138.403068
長野県,下伊那郡下條村,35.388551500000005,137.7727645
長野県,下伊那郡喬木村,35.5047088125,137.8936111875
長野県,下伊那郡売木村,35.27199142857143,137.70699985714288
長野県,下伊那郡大鹿村,35.580011,138.0725685
長野県,下伊那郡天龍村,35.26965833333333,137.830476
長野県,下伊那郡平谷村,35.3226648,137.63458369999998
長野県,下伊那郡松川町,35.604023,137.8952505
長野県,下伊那郡根羽村,35.256041424242426,137.59323627272727
長野県,下伊那郡泰阜村,35.3705264,137.84757689999998
長野県,下伊那郡豊丘村,35.543313,137.9472495
長野県,下伊那郡阿南町,35.31670471428571,137.7957967142857
長野県,下伊那郡阿智村,35.448922857142854,137.7028197142857
長野県,下伊那郡高森町,35.569703,137.85856057142857
長野県,下水内郡栄村,36.953563,138.56636133333333
長野県,下高井郡山ノ内町,36.74399783333333,138.43599133333333
長野県,下高井郡木島平村,36.851212000000004,138.45990833333335
長野県,下高井郡野沢温泉村,36.93485914285714,138.45468714285715
長野県,中野市,36.7543771060606,138.35715813636364
長野県,伊那市,35.83737220618557,137.99084970103092
長野県,佐久市,36.23155860204082,138.46189766326532
長野県,北佐久郡御代田町,36.313084700000005,138.5181502
長野県,北佐久郡立科町,36.26637044444445,138.30789711111112
長野県,北佐久郡軽井沢町,36.34034111111111,138.60274433333336
長野県,北安曇郡小谷村,36.818171,137.91835425
長野県,北安曇郡松川村,36.422137916666664,137.849791125
長野県,北安曇郡池田町,36.4168872,137.8990154
長野県,北安曇郡白馬村,36.680336,137.8442465
長野県,千曲市,36.51481517391304,138.1304341521739
長野県,南佐久郡佐久穂町,36.13711172727273,138.48008972727274
長野県,南佐久郡北相木村,36.063650466666665,138.56138153333333
長野県,南佐久郡南牧村,35.976922,138.46928066666666
長野県,南佐久郡南相木村,36.034941332075476,138.54315067169813
長野県,南佐久郡小海町,36.07755160000001,138.4704904
長野県,南佐久郡川上村,35.948277375,138.599191
長野県,埴科郡坂城町,36.450787,138.18717083333334
長野県,塩尻市,36.10534582608695,137.95326473913042
長野県,大町市,36.50927134146341,137.84724002439023
長野県,安曇野市,36.31958895,137.8969478
長野県,小県郡長和町,36.23846475,138.24883725
長野県,小県郡青木村,36.36396714285714,138.11816000000002
長野県,小諸市,36.326451216494846,138.43085341237114
長野県,岡谷市,36.06367625,138.05055095
長野県,木曽郡上松町,35.781026631578946,137.69294242105263
長野県,木曽郡南木曽町,35.596567,137.59287266666666
長野県,木曽郡大桑村,35.7023675,137.6878705
長野県,木曽郡木曽町,35.864929,137.6849208666667
長野県,木曽郡木祖村,35.973967333333334,137.76463133333334
長野県,木曽郡王滝村,35.815737526315786,137.548306
長野県,東御市,36.3572606,138.3473196
長野県,東筑摩郡山形村,36.16628816666667,137.87371433333334
長野県,東筑摩郡朝日村,36.1058,137.84446450000002
長野県,東筑摩郡生坂村,36.4251025,137.93833383333333
長野県,東筑摩郡筑北村,36.406595,138.02918016666666
長野県,東筑摩郡麻績村,36.4590025,138.0330965
長野県,松本市,36.222210835999995,137.961404012
長野県,茅野市,36.019364964285714,138.20491239285712
長野県,諏訪市,36.03162198387097,138.11706566129033
長野県,諏訪郡下諏訪町,36.0763935945946,138.08864672972973
長野県,諏訪郡原村,35.9642622,138.22866286666667
長野県,諏訪郡富士見町,35.90813442857143,138.25551914285714
長野県,長野市,36.62961465871122,138.16810552983293
長野県,須坂市,36.647810927536234,138.30895417391307
長野県,飯山市,36.87493741025641,138.37261099999998
長野県,飯田市,35.503237184210526,137.82658968947368
長野県,駒ヶ根市,35.73093272,137.93683264
青森県,つがる市,40.82912764347826,140.37371479130434
青森県,むつ市,41.310634622857144,141.1819245942857
青森県,三戸郡三戸町,40.37757821978022,141.25256656043956
青森県,三戸郡五戸町,40.531056175084174,141.33764506060606
青森県,三戸郡南部町,40.41852016666667,141.3154145625
青森県,三戸郡新郷村,40.443158,141.14811450000002
青森県,三戸郡田子町,40.302617600000005,141.0792831
青森県,三戸郡階上町,40.437212599264704,141.58376576838236
青森県,三沢市,40.70700366341463,141.38369260000002
青森県,上北郡おいらせ町,40.62497370068027,141.40004185714287
青森県,上北郡七戸町,40.72580598275862,141.15553929741378
青森県,上北郡六ヶ所村,40.92538175,141.33747860416668
青森県,上北郡六戸町,40.61994121978022,141.3177308021978
青森県,上北郡東北町,40.776433187022896,141.2293646832061
青森県,上北郡横浜町,41.08408773584906,141.26316518867924
青森県,上北郡野辺地町,40.86642297,141.12687664999999
青森県,下北郡佐井村,41.3514175,140.8496435
青森県,下北郡大間町,41.4972425,140.922111
青森県,下北郡東通村,41.30247258333333,141.35722175
青森県,下北郡風間浦村,41.48470633333333,141.016343
青森県,中津軽郡西目屋村,40.55637966666667,140.2698358888889
青森県,五所川原市,40.8139256,140.46816682142858
青森県,八戸市,40.504803705319155,141.49486759361704
青森県,北津軽郡中泊町,40.981348777777775,140.42155894444443
青森県,北津軽郡板柳町,40.70991504285715,140.47688873571428
青森県,北津軽郡鶴田町,40.752409588235295,140.43318493137255
青森県,十和田市,40.6136992810219,141.21088439781022
青森県,南津軽郡大鰐町,40.52424895294118,140.56841557647058
青森県,南津軽郡田舎館村,40.63967255882353,140.53887747794118
青森県,南津軽郡藤崎町,40.669304896825395,140.50481053174602
青森県,平川市,40.59437687108014,140.5650618118467
青森県,弘前市,40.59855652849162,140.46619967150838
青森県,東津軽郡今別町,41.1917959,140.51780409999998
青森県,東津軽郡外ケ浜町,41.1370459,140.53697473636362
青森県,東津軽郡平内町,40.924546407407405,140.95372097222221
青森県,東津軽郡蓬田村,40.98400628571428,140.6356407142857
青森県,西津軽郡深浦町,40.62973670833333,139.95599770833334
青森県,西津軽郡鰺ヶ沢町,40.75971236206897,140.21285962068964
青森県,青森市,40.79601264376997,140.72270011341854
青森県,黒石市,40.64668671471471,140.61659422522524
静岡県,三島市,35.124460144329895,138.92710973195875
静岡県,下田市,34.69297312195122,138.93426129268292
静岡県,伊東市,34.95814816666667,139.09571877777776
静岡県,伊豆の国市,35.03294065116279,138.95451162790698
静岡県,伊豆市,34.9414629245283,138.94105647169812
静岡県,周智郡森町,34.852654869565214,137.932938
静岡県,富士宮市,35.24986020430108,138.60371649462365
静岡県,富士市,35.16183474129353,138.68564435820895
静岡県,島田市,34.84437962676056,138.15877560563382
静岡県,御前崎市,34.64219633333334,138.15137199999998
静岡県,御殿場市,35.29383901666667,138.92282125000003
静岡県,掛川市,34.76769856830601,138.01602375409834
静岡県,榛原郡吉田町,34.776279599999995,138.2540052
静岡県,榛原郡川根本町,35.09135423809524,138.115863
静岡県,沼津市,35.09913307065217,138.85189667934782
静岡県,浜松市中区,34.72289641450777,137.72618210362694
静岡県,浜松市北区,34.82921167692308,137.6443678153846
静岡県,浜松市南区,34.682735237288135,137.75495298305083
静岡県,浜松市天竜区,34.972300805194806,137.85304185714287
静岡県,浜松市東区,34.744538301587305,137.77116847619047
静岡県,浜松市浜北区,34.807086391304345,137.7808091521739
静岡県,浜松市西区,34.729913458333336,137.65112424999998
静岡県,湖西市,34.721976749999996,137.51283955555556
静岡県,焼津市,34.85646703546099,138.3100119787234
静岡県,熱海市,35.09420545,139.07001862500002
静岡県,牧之原市,34.71403331914893,138.18496323404256
静岡県,田方郡函南町,35.09429211764706,138.9690921764706
静岡県,磐田市,34.723665625,137.85004017391304
静岡県,菊川市,34.73686305882353,138.09710780392157
静岡県,藤枝市,34.868724795238094,138.25237124285715
静岡県,袋井市,34.746649396551724,137.9203354396552
静岡県,裾野市,35.20065327272727,138.89223733333333
静岡県,賀茂郡南伊豆町,34.659107423076925,138.8384548846154
静岡県,賀茂郡東伊豆町,34.8270506,139.0304354
静岡県,賀茂郡松崎町,34.750417772727275,138.80311004545453
静岡県,賀茂郡河津町,34.76534166666667,138.96623259999998
静岡県,賀茂郡西伊豆町,34.80896528571429,138.7969875714286
静岡県,静岡市清水区,35.031019630872485,138.48576411073827
静岡県,静岡市葵区,35.01291987530563,138.36859088508558
静岡県,静岡市駿河区,34.955852740331494,138.39283939779006
静岡県,駿東郡小山町,35.35214683333333,138.95660083333334
静岡県,駿東郡清水町,35.0996754,138.9032198666667
静岡県,駿東郡長泉町,35.146645,138.8919348125
香川県,さぬき市,34.272962481481485,134.2085277777778
香川県,三豊市,34.18319795918367,133.69046318367347
香川県,丸亀市,34.29322237857143,133.79822693571427
香川県,仲多度郡まんのう町,34.16381193548387,133.86251383870967
香川県,仲多度郡多度津町,34.27134552272727,133.7479120227273
香川県,仲多度郡琴平町,34.1990045,133.81920383333335
香川県,善通寺市,34.23045482222222,133.78064551111112
香川県,坂出市,34.321540364583335,133.85714103125
香川県,小豆郡土庄町,34.50472613636364,134.192102
香川県,小豆郡小豆島町,34.4818846,134.295076
香川県,木田郡三木町,34.24955838461538,134.1377106153846
香川県,東かがわ市,34.23153583333333,134.34021166666668
香川県,綾歌郡宇多津町,34.308367000000004,133.82568596774195
香川県,綾歌郡綾川町,34.2239511875,133.9494665
香川県,観音寺市,34.11373788505747,133.66147893103448
香川県,香川郡直島町,34.46385930909091,133.98696032727273
香川県,高松市,34.31658222745098,134.04748529803922
高知県,南国市,33.586695935779815,133.640351146789
高知県,吾川郡いの町,33.596585394366194,133.38315371830984
高知県,吾川郡仁淀川町,33.586192493506495,133.1490595064935
高知県,四万十市,33.02418627272728,132.90399177922077
高知県,土佐市,33.4727180625,133.393202
高知県,土佐清水市,32.789969431034486,132.9315993448276
高知県,土佐郡土佐町,33.7360208,133.50592252
高知県,土佐郡大川村,33.796170125,133.4086153125
高知県,安芸市,33.53390936206897,133.9130568275862
高知県,安芸郡北川村,33.50753715789474,134.10162668421052
高知県,安芸郡奈半利町,33.427022666666666,134.058737
高知県,安芸郡安田町,33.48711023529412,134.00387911764705
高知県,安芸郡東洋町,33.535888,134.2766576
高知県,安芸郡田野町,33.433687652173916,134.00998067391305
高知県,安芸郡芸西村,33.55640333333333,133.82714883333333
高知県,安芸郡馬路村,33.6144925,134.084742
高知県,室戸市,33.32640164285714,134.14495064285714
高知県,宿毛市,32.934495705882355,132.7161576117647
高知県,幡多郡三原村,32.904409307692305,132.855455
高知県,幡多郡大月町,32.805627,132.71115688461538
高知県,幡多郡黒潮町,33.07612456756757,133.06167483783784
高知県,長岡郡大豊町,33.784074375,133.7334510357143
高知県,長岡郡本山町,33.766279619047616,133.58714952380953
高知県,須崎市,33.40438418181818,133.30209936363636
高知県,香南市,33.56437498701299,133.74385206493508
高知県,香美市,33.655963876623375,133.7693534805195
高知県,高岡郡中土佐町,33.34574382352941,133.13888823529413
高知県,高岡郡佐川町,33.50533345454546,133.277653
高知県,高岡郡四万十町,33.22676178333333,133.07773004166668
高知県,高岡郡日高村,33.54562475,133.34560833333333
高知県,高岡郡檮原町,33.399925490566034,132.91834856603774
高知県,高岡郡津野町,33.433315799999995,133.15226435
高知県,高岡郡越知町,33.54444475862069,133.2291158275862
高知県,高知市,33.559094978417264,133.53150826858513
鳥取県,倉吉市,35.42419513483146,133.79738843820223
鳥取県,八頭郡八頭町,35.387264333333334,134.3015121827957
鳥取県,八頭郡智頭町,35.24411516666667,134.2365331904762
鳥取県,八頭郡若桜町,35.332929,134.4308144
鳥取県,境港市,35.531491,133.23250286
鳥取県,岩美郡岩美町,35.545557725,134.350098275
鳥取県,日野郡日南町,35.157154375,133.2697710625
鳥取県,日野郡日野町,35.21730074074074,133.41766455555555
鳥取県,日野郡江府町,35.29637344444445,133.51119966666667
鳥取県,東伯郡三朝町,35.367948382978724,133.8840520851064
鳥取県,東伯郡北栄町,35.47579689655172,133.77660134482758
鳥取県,東伯郡湯梨浜町,35.47765021276596,133.9030365106383
鳥取県,東伯郡琴浦町,35.46793317857143,133.66033385714286
鳥取県,米子市,35.43348906224067,133.3488067053942
鳥取県,西伯郡伯耆町,35.348572607142856,133.43761105357143
鳥取県,西伯郡南部町,35.34268298,133.3453142
鳥取県,西伯郡大山町,35.480524701492534,133.5116818955224
鳥取県,西伯郡日吉津村,35.446799,133.38091966666667
鳥取県,鳥取市,35.473254180970144,134.19159730037313
鹿児島県,いちき串木野市,31.72077505970149,130.27505898507462
鹿児島県,伊佐市,32.04751507894736,130.60998131578947
鹿児島県,出水市,32.086228375000005,130.333995975
鹿児島県,出水郡長島町,32.18048263636364,130.15926554545456
鹿児島県,南さつま市,31.4114628,130.30698295
鹿児島県,南九州市,31.35671393548387,130.41917432258066
鹿児島県,垂水市,31.499475846153846,130.72413257692307
鹿児島県,大島郡与論町,27.042088333333336,128.432072
鹿児島県,大島郡伊仙町,27.70513011764706,128.94224088235293
鹿児島県,大島郡和泊町,27.3958287,128.6299919
鹿児島県,大島郡喜界町,28.323472387096775,129.97076329032257
鹿児島県,大島郡大和村,28.338418454545454,129.3576668181818
鹿児島県,大島郡天城町,27.814671,128.91185781818183
鹿児島県,大島郡宇検村,28.270926846153845,129.25180030769232
鹿児島県,大島郡徳之島町,27.781064666666666,128.98753655555555
鹿児島県,大島郡瀬戸内町,28.149790346153846,129.27603401923076
鹿児島県,大島郡知名町,27.3627397,128.5740348
鹿児島県,大島郡龍郷町,28.42407635714286,129.59032778571427
鹿児島県,奄美市,28.38085427160494,129.53112114814815
鹿児島県,姶良市,31.751316654545455,130.61753556363635
鹿児島県,姶良郡湧水町,31.980494750000002,130.72146291666667
鹿児島県,志布志市,31.511039944444445,131.07677483333333
鹿児島県,指宿市,31.226425930232555,130.61759562790698
鹿児島県,日置市,31.60985524,130.38323696
鹿児島県,曽於市,31.635079657142853,130.99269485714285
鹿児島県,曽於郡大崎町,31.4462687,131.00041679999998
鹿児島県,枕崎市,31.27895304878049,130.30479008536585
鹿児島県,熊毛郡中種子町,30.54011457142857,130.95475957142858
鹿児島県,熊毛郡南種子町,30.412426666666665,130.910136
鹿児島県,熊毛郡屋久島町,30.333979736842103,130.52393989473686
鹿児島県,肝属郡南大隅町,31.14067522222222,130.76834477777777
鹿児島県,肝属郡東串良町,31.3867074,130.9786916
鹿児島県,肝属郡肝付町,31.3116022,130.9756638
鹿児島県,肝属郡錦江町,31.219239199999997,130.86874319999998
鹿児島県,薩摩川内市,31.82290704807692,130.24889134615384
鹿児島県,薩摩郡さつま町,31.92321632,130.46178336
鹿児島県,西之表市,30.723116235294114,131.00444711764706
鹿児島県,阿久根市,32.018300208333336,130.20706058333334
鹿児島県,霧島市,31.762007963963963,130.7639240810811
鹿児島県,鹿児島市,31.5795196160221,130.53423132596686
鹿児島県,鹿児島郡三島村,30.810632,130.21955233333333
鹿児島県,鹿児島郡十島村,29.6104925,129.587783625
鹿児島県,鹿屋市,31.391163258426964,130.85021625842697
