index,level,都道府県番号,都道府県,市区町村,総人口,外国人人口
010006,level1,01,北海道,-,5044825.0,65621.0
011002,level2,01,北海道,札幌市,1955678.0,20665.0
011011,level3,01,北海道,札幌市中央区,245916.0,3918.0
011029,level3,01,北海道,札幌市北区,284333.0,4049.0
011037,level3,01,北海道,札幌市東区,260418.0,2400.0
011045,level3,01,北海道,札幌市白石区,213531.0,2283.0
011053,level3,01,北海道,札幌市豊平区,227092.0,2370.0
011061,level3,01,北海道,札幌市南区,133337.0,1256.0
011070,level3,01,北海道,札幌市西区,218835.0,1542.0
011088,level3,01,北海道,札幌市厚別区,123293.0,1074.0
011096,level3,01,北海道,札幌市手稲区,139810.0,919.0
011100,level3,01,北海道,札幌市清田区,109113.0,854.0
012025,level3,01,北海道,函館市,236515.0,1909.0
012033,level3,01,北海道,小樽市,104432.0,1089.0
012041,level3,01,北海道,旭川市,316183.0,1914.0
012050,level3,01,北海道,室蘭市,74855.0,581.0
012068,level3,01,北海道,釧路市,154271.0,1335.0
012076,level3,01,北海道,帯広市,160810.0,1530.0
012084,level3,01,北海道,北見市,110046.0,832.0
012092,level3,01,北海道,夕張市,6107.0,22.0
012106,level3,01,北海道,岩見沢市,74204.0,361.0
012114,level3,01,北海道,網走市,32199.0,543.0
012122,level3,01,北海道,留萌市,18169.0,218.0
012131,level3,01,北海道,苫小牧市,165590.0,1640.0
012149,level3,01,北海道,稚内市,30336.0,724.0
012157,level3,01,北海道,美唄市,18427.0,116.0
012165,level3,01,北海道,芦別市,11243.0,48.0
012173,level3,01,北海道,江別市,118055.0,1095.0
012181,level3,01,北海道,赤平市,8464.0,155.0
012190,level3,01,北海道,紋別市,19760.0,733.0
012203,level3,01,北海道,士別市,16440.0,160.0
012211,level3,01,北海道,名寄市,24742.0,118.0
012220,level3,01,北海道,三笠市,7268.0,44.0
012238,level3,01,北海道,根室市,22468.0,717.0
012246,level3,01,北海道,千歳市,97355.0,1324.0
012254,level3,01,北海道,滝川市,36515.0,142.0
012262,level3,01,北海道,砂川市,15231.0,60.0
012271,level3,01,北海道,歌志内市,2584.0,17.0
012289,level3,01,北海道,深川市,18329.0,163.0
012297,level3,01,北海道,富良野市,19624.0,627.0
012301,level3,01,北海道,登別市,43615.0,436.0
012319,level3,01,北海道,恵庭市,70446.0,1098.0
012335,level3,01,北海道,伊達市,31208.0,363.0
012343,level3,01,北海道,北広島市,56495.0,529.0
012351,level3,01,北海道,石狩市,57143.0,895.0
012360,level3,01,北海道,北斗市,42810.0,371.0
013030,level3,01,北海道,石狩郡当別町,15113.0,239.0
013048,level3,01,北海道,石狩郡新篠津村,2730.0,13.0
013315,level3,01,北海道,松前郡松前町,5818.0,50.0
013323,level3,01,北海道,松前郡福島町,3378.0,34.0
013331,level3,01,北海道,上磯郡知内町,3783.0,64.0
013340,level3,01,北海道,上磯郡木古内町,3528.0,22.0
013374,level3,01,北海道,亀田郡七飯町,27139.0,192.0
013439,level3,01,北海道,茅部郡鹿部町,3508.0,177.0
013455,level3,01,北海道,茅部郡森町,13582.0,620.0
013463,level3,01,北海道,二海郡八雲町,14514.0,456.0
013471,level3,01,北海道,山越郡長万部町,4696.0,280.0
013617,level3,01,北海道,檜山郡江差町,6607.0,35.0
013625,level3,01,北海道,檜山郡上ノ国町,4133.0,47.0
013633,level3,01,北海道,檜山郡厚沢部町,3269.0,41.0
013641,level3,01,北海道,爾志郡乙部町,3107.0,33.0
013676,level3,01,北海道,奥尻郡奥尻町,2138.0,7.0
013706,level3,01,北海道,瀬棚郡今金町,4444.0,11.0
013714,level3,01,北海道,久遠郡せたな町,6730.0,85.0
013919,level3,01,北海道,島牧郡島牧村,1246.0,2.0
013927,level3,01,北海道,寿都郡寿都町,2629.0,88.0
013935,level3,01,北海道,寿都郡黒松内町,2446.0,40.0
013943,level3,01,北海道,磯谷郡蘭越町,4501.0,228.0
013951,level3,01,北海道,虻田郡ニセコ町,5551.0,1053.0
013960,level3,01,北海道,虻田郡真狩村,1938.0,87.0
013978,level3,01,北海道,虻田郡留寿都村,2018.0,399.0
013986,level3,01,北海道,虻田郡喜茂別町,1928.0,97.0
013994,level3,01,北海道,虻田郡京極町,2776.0,138.0
014001,level3,01,北海道,虻田郡倶知安町,17120.0,3627.0
014010,level3,01,北海道,岩内郡共和町,5364.0,49.0
014028,level3,01,北海道,岩内郡岩内町,10913.0,153.0
014036,level3,01,北海道,古宇郡泊村,1420.0,12.0
014044,level3,01,北海道,古宇郡神恵内村,740.0,1.0
014052,level3,01,北海道,積丹郡積丹町,1702.0,15.0
014061,level3,01,北海道,古平郡古平町,2589.0,60.0
014079,level3,01,北海道,余市郡仁木町,3051.0,70.0
014087,level3,01,北海道,余市郡余市町,16954.0,258.0
014095,level3,01,北海道,余市郡赤井川村,1492.0,527.0
014231,level3,01,北海道,空知郡南幌町,7933.0,86.0
014249,level3,01,北海道,空知郡奈井江町,4704.0,31.0
014257,level3,01,北海道,空知郡上砂川町,2360.0,31.0
014273,level3,01,北海道,夕張郡由仁町,4527.0,43.0
014281,level3,01,北海道,夕張郡長沼町,9937.0,74.0
014290,level3,01,北海道,夕張郡栗山町,10653.0,74.0
014303,level3,01,北海道,樺戸郡月形町,2732.0,10.0
014311,level3,01,北海道,樺戸郡浦臼町,1577.0,11.0
014320,level3,01,北海道,樺戸郡新十津川町,6229.0,30.0
014338,level3,01,北海道,雨竜郡妹背牛町,2565.0,53.0
014346,level3,01,北海道,雨竜郡秩父別町,2182.0,5.0
014362,level3,01,北海道,雨竜郡雨竜町,2044.0,19.0
014371,level3,01,北海道,雨竜郡北竜町,1593.0,10.0
014389,level3,01,北海道,雨竜郡沼田町,2798.0,13.0
014524,level3,01,北海道,上川郡鷹栖町,6463.0,23.0
014532,level3,01,北海道,上川郡東神楽町,9775.0,64.0
014541,level3,01,北海道,上川郡当麻町,6054.0,20.0
014559,level3,01,北海道,上川郡比布町,3425.0,28.0
014567,level3,01,北海道,上川郡愛別町,2418.0,64.0
014575,level3,01,北海道,上川郡上川町,3085.0,105.0
014583,level3,01,北海道,上川郡東川町,8673.0,535.0
014591,level3,01,北海道,上川郡美瑛町,9283.0,165.0
014605,level3,01,北海道,空知郡上富良野町,9706.0,129.0
014613,level3,01,北海道,空知郡中富良野町,4486.0,79.0
014621,level3,01,北海道,空知郡南富良野町,2236.0,62.0
014630,level3,01,北海道,勇払郡占冠村,1590.0,582.0
014648,level3,01,北海道,上川郡和寒町,2807.0,15.0
014656,level3,01,北海道,上川郡剣淵町,2728.0,23.0
014681,level3,01,北海道,上川郡下川町,2836.0,26.0
014699,level3,01,北海道,中川郡美深町,3681.0,56.0
014702,level3,01,北海道,中川郡音威子府村,601.0,1.0
014711,level3,01,北海道,中川郡中川町,1269.0,10.0
014729,level3,01,北海道,雨竜郡幌加内町,1222.0,13.0
014818,level3,01,北海道,増毛郡増毛町,3620.0,113.0
014826,level3,01,北海道,留萌郡小平町,2664.0,93.0
014834,level3,01,北海道,苫前郡苫前町,2666.0,80.0
014842,level3,01,北海道,苫前郡羽幌町,5945.0,78.0
014851,level3,01,北海道,苫前郡初山別村,1005.0,17.0
014869,level3,01,北海道,天塩郡遠別町,2258.0,103.0
014877,level3,01,北海道,天塩郡天塩町,2642.0,76.0
015113,level3,01,北海道,宗谷郡猿払村,2589.0,182.0
015121,level3,01,北海道,枝幸郡浜頓別町,3221.0,122.0
015130,level3,01,北海道,枝幸郡中頓別町,1472.0,8.0
015148,level3,01,北海道,枝幸郡枝幸町,7199.0,266.0
015164,level3,01,北海道,天塩郡豊富町,3515.0,56.0
015172,level3,01,北海道,礼文郡礼文町,2183.0,33.0
015181,level3,01,北海道,利尻郡利尻町,1830.0,3.0
015199,level3,01,北海道,利尻郡利尻富士町,2151.0,9.0
015202,level3,01,北海道,天塩郡幌延町,2042.0,40.0
015431,level3,01,北海道,網走郡美幌町,17329.0,208.0
015440,level3,01,北海道,網走郡津別町,3970.0,16.0
015458,level3,01,北海道,斜里郡斜里町,10513.0,360.0
015466,level3,01,北海道,斜里郡清里町,3622.0,6.0
015474,level3,01,北海道,斜里郡小清水町,4342.0,30.0
015491,level3,01,北海道,常呂郡訓子府町,4448.0,81.0
015504,level3,01,北海道,常呂郡置戸町,2543.0,28.0
015521,level3,01,北海道,常呂郡佐呂間町,4646.0,318.0
015555,level3,01,北海道,紋別郡遠軽町,17646.0,164.0
015598,level3,01,北海道,紋別郡湧別町,7901.0,302.0
015601,level3,01,北海道,紋別郡滝上町,2208.0,44.0
015610,level3,01,北海道,紋別郡興部町,3495.0,164.0
015628,level3,01,北海道,紋別郡西興部村,956.0,44.0
015636,level3,01,北海道,紋別郡雄武町,4033.0,283.0
015644,level3,01,北海道,網走郡大空町,6441.0,51.0
015717,level3,01,北海道,虻田郡豊浦町,3491.0,119.0
015750,level3,01,北海道,有珠郡壮瞥町,2313.0,92.0
015784,level3,01,北海道,白老郡白老町,15095.0,399.0
015814,level3,01,北海道,勇払郡厚真町,4227.0,62.0
015849,level3,01,北海道,虻田郡洞爺湖町,7906.0,290.0
015857,level3,01,北海道,勇払郡安平町,7214.0,149.0
015865,level3,01,北海道,勇払郡むかわ町,7221.0,208.0
016012,level3,01,北海道,沙流郡日高町,10904.0,536.0
016021,level3,01,北海道,沙流郡平取町,4435.0,117.0
016047,level3,01,北海道,新冠郡新冠町,5011.0,272.0
016071,level3,01,北海道,浦河郡浦河町,11231.0,538.0
016080,level3,01,北海道,様似郡様似町,3777.0,55.0
016098,level3,01,北海道,幌泉郡えりも町,4060.0,67.0
016101,level3,01,北海道,日高郡新ひだか町,20229.0,346.0
016314,level3,01,北海道,河東郡音更町,42683.0,233.0
016322,level3,01,北海道,河東郡士幌町,5690.0,159.0
016331,level3,01,北海道,河東郡上士幌町,4758.0,231.0
016349,level3,01,北海道,河東郡鹿追町,4928.0,104.0
016357,level3,01,北海道,上川郡新得町,5503.0,278.0
016365,level3,01,北海道,上川郡清水町,8755.0,312.0
016373,level3,01,北海道,河西郡芽室町,17773.0,90.0
016381,level3,01,北海道,河西郡中札内村,3823.0,85.0
016390,level3,01,北海道,河西郡更別村,3084.0,23.0
016411,level3,01,北海道,広尾郡大樹町,5266.0,198.0
016420,level3,01,北海道,広尾郡広尾町,5880.0,94.0
016438,level3,01,北海道,中川郡幕別町,25269.0,250.0
016446,level3,01,北海道,中川郡池田町,5906.0,32.0
016454,level3,01,北海道,中川郡豊頃町,2878.0,79.0
016462,level3,01,北海道,中川郡本別町,6046.0,74.0
016471,level3,01,北海道,足寄郡足寄町,5952.0,52.0
016489,level3,01,北海道,足寄郡陸別町,2120.0,76.0
016497,level3,01,北海道,十勝郡浦幌町,4108.0,85.0
016616,level3,01,北海道,釧路郡釧路町,18380.0,145.0
016624,level3,01,北海道,厚岸郡厚岸町,8195.0,210.0
016632,level3,01,北海道,厚岸郡浜中町,5246.0,231.0
016641,level3,01,北海道,川上郡標茶町,6836.0,146.0
016659,level3,01,北海道,川上郡弟子屈町,6432.0,93.0
016675,level3,01,北海道,阿寒郡鶴居村,2432.0,54.0
016683,level3,01,北海道,白糠郡白糠町,7003.0,169.0
016918,level3,01,北海道,野付郡別海町,13964.0,605.0
016926,level3,01,北海道,標津郡中標津町,22257.0,289.0
016934,level3,01,北海道,標津郡標津町,4798.0,125.0
016942,level3,01,北海道,目梨郡羅臼町,4267.0,97.0
016951,level2,01,北海道,色丹郡色丹村,0.0,0.0
016969,level2,01,北海道,国後郡泊村,0.0,0.0
016977,level2,01,北海道,国後郡留夜別村,0.0,0.0
016985,level2,01,北海道,択捉郡留別村,0.0,0.0
016993,level2,01,北海道,紗那郡紗那村,0.0,0.0
017001,level2,01,北海道,蘂取郡蘂取村,0.0,0.0
020001,level1,02,青森県,-,1185767.0,8415.0
022012,level3,02,青森県,青森市,263512.0,1438.0
022021,level3,02,青森県,弘前市,159488.0,950.0
022039,level3,02,青森県,八戸市,215080.0,1755.0
022047,level3,02,青森県,黒石市,30428.0,258.0
022055,level3,02,青森県,五所川原市,49811.0,179.0
022063,level3,02,青森県,十和田市,57361.0,483.0
022071,level3,02,青森県,三沢市,37380.0,687.0
022080,level3,02,青森県,むつ市,51606.0,168.0
022098,level3,02,青森県,つがる市,28806.0,113.0
022101,level3,02,青森県,平川市,29353.0,111.0
023001,level2,02,青森県,東津軽郡,19256.0,148.0
023019,level3,02,青森県,東津軽郡平内町,9730.0,75.0
023035,level3,02,青森県,東津軽郡今別町,2096.0,3.0
023043,level3,02,青森県,東津軽郡蓬田村,2434.0,4.0
023078,level3,02,青森県,東津軽郡外ヶ浜町,4996.0,66.0
023205,level2,02,青森県,西津軽郡,15308.0,76.0
023213,level3,02,青森県,西津軽郡鰺ヶ沢町,8505.0,48.0
023230,level3,02,青森県,西津軽郡深浦町,6803.0,28.0
023400,level2,02,青森県,中津軽郡,1210.0,0.0
023434,level3,02,青森県,中津軽郡西目屋村,1210.0,0.0
023604,level2,02,青森県,南津軽郡,29770.0,48.0
023612,level3,02,青森県,南津軽郡藤崎町,14300.0,33.0
023621,level3,02,青森県,南津軽郡大鰐町,8231.0,4.0
023671,level3,02,青森県,南津軽郡田舎館村,7239.0,11.0
023809,level2,02,青森県,北津軽郡,33155.0,167.0
023817,level3,02,青森県,北津軽郡板柳町,12198.0,40.0
023841,level3,02,青森県,北津軽郡鶴田町,11540.0,29.0
023876,level3,02,青森県,北津軽郡中泊町,9417.0,98.0
024007,level2,02,青森県,上北郡,91283.0,1446.0
024015,level3,02,青森県,上北郡野辺地町,11855.0,243.0
024023,level3,02,青森県,上北郡七戸町,14014.0,142.0
024058,level3,02,青森県,上北郡六戸町,10551.0,184.0
024066,level3,02,青森県,上北郡横浜町,4048.0,126.0
024082,level3,02,青森県,上北郡東北町,16005.0,237.0
024112,level3,02,青森県,上北郡六ヶ所村,9628.0,141.0
024121,level3,02,青森県,上北郡おいらせ町,25182.0,373.0
024201,level2,02,青森県,下北郡,13384.0,43.0
024236,level3,02,青森県,下北郡大間町,4649.0,16.0
024244,level3,02,青森県,下北郡東通村,5553.0,23.0
024252,level3,02,青森県,下北郡風間浦村,1554.0,2.0
024261,level3,02,青森県,下北郡佐井村,1628.0,2.0
024406,level2,02,青森県,三戸郡,59576.0,345.0
024414,level3,02,青森県,三戸郡三戸町,8767.0,69.0
024422,level3,02,青森県,三戸郡五戸町,15285.0,96.0
024431,level3,02,青森県,三戸郡田子町,4718.0,23.0
024457,level3,02,青森県,三戸郡南部町,16185.0,64.0
024465,level3,02,青森県,三戸郡階上町,12562.0,85.0
024503,level3,02,青森県,三戸郡新郷村,2059.0,8.0
030007,level1,03,岩手県,-,1153900.0,11163.0
032018,level3,03,岩手県,盛岡市,277423.0,2112.0
032026,level3,03,岩手県,宮古市,45632.0,171.0
032034,level3,03,岩手県,大船渡市,32059.0,419.0
032051,level3,03,岩手県,花巻市,89867.0,741.0
032069,level3,03,岩手県,北上市,91090.0,1371.0
032077,level3,03,岩手県,久慈市,31216.0,423.0
032085,level3,03,岩手県,遠野市,23930.0,316.0
032093,level3,03,岩手県,一関市,105505.0,1235.0
032107,level3,03,岩手県,陸前高田市,17226.0,179.0
032115,level3,03,岩手県,釜石市,28934.0,455.0
032131,level3,03,岩手県,二戸市,24157.0,270.0
032140,level3,03,岩手県,八幡平市,23179.0,577.0
032158,level3,03,岩手県,奥州市,107798.0,947.0
032166,level3,03,岩手県,滝沢市,54413.0,237.0
033006,level2,03,岩手県,岩手郡,31830.0,248.0
033014,level3,03,岩手県,岩手郡雫石町,14995.0,55.0
033022,level3,03,岩手県,岩手郡葛巻町,5293.0,35.0
033031,level3,03,岩手県,岩手郡岩手町,11542.0,158.0
033201,level2,03,岩手県,紫波郡,58844.0,223.0
033219,level3,03,岩手県,紫波郡紫波町,32684.0,119.0
033227,level3,03,岩手県,紫波郡矢巾町,26160.0,104.0
033600,level2,03,岩手県,和賀郡,4659.0,41.0
033669,level3,03,岩手県,和賀郡西和賀町,4659.0,41.0
033804,level2,03,岩手県,胆沢郡,15119.0,276.0
033812,level3,03,岩手県,胆沢郡金ケ崎町,15119.0,276.0
034002,level2,03,岩手県,西磐井郡,6734.0,51.0
034029,level3,03,岩手県,西磐井郡平泉町,6734.0,51.0
034401,level2,03,岩手県,気仙郡,4681.0,137.0
034410,level3,03,岩手県,気仙郡住田町,4681.0,137.0
034606,level2,03,岩手県,上閉伊郡,10492.0,84.0
034614,level3,03,岩手県,上閉伊郡大槌町,10492.0,84.0
034801,level2,03,岩手県,下閉伊郡,26878.0,230.0
034827,level3,03,岩手県,下閉伊郡山田町,13854.0,104.0
034835,level3,03,岩手県,下閉伊郡岩泉町,7843.0,73.0
034843,level3,03,岩手県,下閉伊郡田野畑村,2888.0,33.0
034851,level3,03,岩手県,下閉伊郡普代村,2293.0,20.0
035009,level2,03,岩手県,九戸郡,31631.0,249.0
035017,level3,03,岩手県,九戸郡軽米町,7907.0,89.0
035033,level3,03,岩手県,九戸郡野田村,3901.0,14.0
035068,level3,03,岩手県,九戸郡九戸村,5084.0,63.0
035076,level3,03,岩手県,九戸郡洋野町,14739.0,83.0
035203,level2,03,岩手県,二戸郡,10603.0,171.0
035246,level3,03,岩手県,二戸郡一戸町,10603.0,171.0
040002,level1,04,宮城県,-,2224980.0,29286.0
041009,level2,04,宮城県,仙台市,1064142.0,17344.0
041017,level3,04,宮城県,仙台市青葉区,296338.0,8299.0
041025,level3,04,宮城県,仙台市宮城野区,187541.0,2749.0
041033,level3,04,宮城県,仙台市若林区,138173.0,1831.0
041041,level3,04,宮城県,仙台市太白区,234710.0,2474.0
041050,level3,04,宮城県,仙台市泉区,207380.0,1991.0
042021,level3,04,宮城県,石巻市,132447.0,1696.0
042030,level3,04,宮城県,塩竈市,51726.0,837.0
042056,level3,04,宮城県,気仙沼市,56300.0,809.0
042064,level3,04,宮城県,白石市,30569.0,324.0
042072,level3,04,宮城県,名取市,79792.0,651.0
042081,level3,04,宮城県,角田市,26469.0,292.0
042099,level3,04,宮城県,多賀城市,61628.0,449.0
042111,level3,04,宮城県,岩沼市,43137.0,722.0
042129,level3,04,宮城県,登米市,71919.0,459.0
042137,level3,04,宮城県,栗原市,60518.0,794.0
042145,level3,04,宮城県,東松島市,37875.0,208.0
042153,level3,04,宮城県,大崎市,122035.0,970.0
042161,level3,04,宮城県,富谷市,52452.0,251.0
043001,level2,04,宮城県,刈田郡,12129.0,202.0
043010,level3,04,宮城県,刈田郡蔵王町,10916.0,167.0
043028,level3,04,宮城県,刈田郡七ヶ宿町,1213.0,35.0
043206,level2,04,宮城県,柴田郡,77382.0,636.0
043214,level3,04,宮城県,柴田郡大河原町,23297.0,185.0
043222,level3,04,宮城県,柴田郡村田町,9816.0,58.0
043231,level3,04,宮城県,柴田郡柴田町,36331.0,233.0
043249,level3,04,宮城県,柴田郡川崎町,7938.0,160.0
043401,level2,04,宮城県,伊具郡,11571.0,161.0
043419,level3,04,宮城県,伊具郡丸森町,11571.0,161.0
043605,level2,04,宮城県,亘理郡,44252.0,374.0
043613,level3,04,宮城県,亘理郡亘理町,32825.0,238.0
043621,level3,04,宮城県,亘理郡山元町,11427.0,136.0
044008,level2,04,宮城県,宮城郡,66301.0,463.0
044016,level3,04,宮城県,宮城郡松島町,12885.0,107.0
044041,level3,04,宮城県,宮城郡七ヶ浜町,17553.0,164.0
044067,level3,04,宮城県,宮城郡利府町,35863.0,192.0
044202,level2,04,宮城県,黒川郡,40880.0,683.0
044211,level3,04,宮城県,黒川郡大和町,27861.0,434.0
044229,level3,04,宮城県,黒川郡大郷町,7480.0,171.0
044245,level3,04,宮城県,黒川郡大衡村,5539.0,78.0
044407,level2,04,宮城県,加美郡,27073.0,258.0
044440,level3,04,宮城県,加美郡色麻町,6103.0,35.0
044458,level3,04,宮城県,加美郡加美町,20970.0,223.0
045004,level2,04,宮城県,遠田郡,37075.0,194.0
045012,level3,04,宮城県,遠田郡涌谷町,14249.0,76.0
045055,level3,04,宮城県,遠田郡美里町,22826.0,118.0
045802,level2,04,宮城県,牡鹿郡,5810.0,300.0
045811,level3,04,宮城県,牡鹿郡女川町,5810.0,300.0
046001,level2,04,宮城県,本吉郡,11498.0,209.0
046060,level3,04,宮城県,本吉郡南三陸町,11498.0,209.0
050008,level1,05,秋田県,-,907593.0,5753.0
052019,level3,05,秋田県,秋田市,293729.0,1959.0
052027,level3,05,秋田県,能代市,47247.0,347.0
052035,level3,05,秋田県,横手市,80777.0,524.0
052043,level3,05,秋田県,大館市,65492.0,468.0
052060,level3,05,秋田県,男鹿市,23355.0,103.0
052078,level3,05,秋田県,湯沢市,39484.0,198.0
052094,level3,05,秋田県,鹿角市,27069.0,202.0
052108,level3,05,秋田県,由利本荘市,70409.0,340.0
052116,level3,05,秋田県,潟上市,31271.0,144.0
052124,level3,05,秋田県,大仙市,73794.0,377.0
052132,level3,05,秋田県,北秋田市,27834.0,209.0
052141,level3,05,秋田県,にかほ市,22075.0,151.0
052159,level3,05,秋田県,仙北市,22859.0,118.0
053007,level2,05,秋田県,鹿角郡,4421.0,42.0
053031,level3,05,秋田県,鹿角郡小坂町,4421.0,42.0
053201,level2,05,秋田県,北秋田郡,1869.0,20.0
053279,level3,05,秋田県,北秋田郡上小阿仁村,1869.0,20.0
053406,level2,05,秋田県,山本郡,23002.0,165.0
053465,level3,05,秋田県,山本郡藤里町,2746.0,21.0
053481,level3,05,秋田県,山本郡三種町,14170.0,86.0
053490,level3,05,秋田県,山本郡八峰町,6086.0,58.0
053601,level2,05,秋田県,南秋田郡,20092.0,45.0
053619,level3,05,秋田県,南秋田郡五城目町,7814.0,12.0
053635,level3,05,秋田県,南秋田郡八郎潟町,5176.0,16.0
053660,level3,05,秋田県,南秋田郡井川町,4157.0,3.0
053686,level3,05,秋田県,南秋田郡大潟村,2945.0,14.0
054208,level2,05,秋田県,仙北郡,17444.0,79.0
054348,level3,05,秋田県,仙北郡美郷町,17444.0,79.0
054607,level2,05,秋田県,雄勝郡,15370.0,262.0
054631,level3,05,秋田県,雄勝郡羽後町,13036.0,113.0
054640,level3,05,秋田県,雄勝郡東成瀬村,2334.0,149.0
060003,level1,06,山形県,-,1012355.0,10318.0
062014,level3,06,山形県,山形市,236164.0,1916.0
062022,level3,06,山形県,米沢市,74629.0,1219.0
062031,level3,06,山形県,鶴岡市,116731.0,958.0
062049,level3,06,山形県,酒田市,93924.0,617.0
062057,level3,06,山形県,新庄市,32362.0,456.0
062065,level3,06,山形県,寒河江市,39417.0,532.0
062073,level3,06,山形県,上山市,27584.0,262.0
062081,level3,06,山形県,村山市,21299.0,230.0
062090,level3,06,山形県,長井市,24420.0,454.0
062103,level3,06,山形県,天童市,60204.0,724.0
062111,level3,06,山形県,東根市,47631.0,449.0
062120,level3,06,山形県,尾花沢市,13529.0,110.0
062138,level3,06,山形県,南陽市,29070.0,324.0
063002,level2,06,山形県,東村山郡,23799.0,174.0
063011,level3,06,山形県,東村山郡山辺町,13344.0,72.0
063029,level3,06,山形県,東村山郡中山町,10455.0,102.0
063207,level2,06,山形県,西村山郡,34189.0,608.0
063215,level3,06,山形県,西村山郡河北町,16809.0,343.0
063223,level3,06,山形県,西村山郡西川町,4536.0,70.0
063231,level3,06,山形県,西村山郡朝日町,5782.0,66.0
063240,level3,06,山形県,西村山郡大江町,7062.0,129.0
063401,level2,06,山形県,北村山郡,5979.0,60.0
063410,level3,06,山形県,北村山郡大石田町,5979.0,60.0
063606,level2,06,山形県,最上郡,33461.0,354.0
063614,level3,06,山形県,最上郡金山町,4691.0,60.0
063622,level3,06,山形県,最上郡最上町,7358.0,131.0
063631,level3,06,山形県,最上郡舟形町,4662.0,38.0
063649,level3,06,山形県,最上郡真室川町,6481.0,29.0
063657,level3,06,山形県,最上郡大蔵村,2760.0,16.0
063665,level3,06,山形県,最上郡鮭川村,3659.0,26.0
063673,level3,06,山形県,最上郡戸沢村,3850.0,54.0
063801,level2,06,山形県,東置賜郡,34691.0,319.0
063819,level3,06,山形県,東置賜郡高畠町,21306.0,224.0
063827,level3,06,山形県,東置賜郡川西町,13385.0,95.0
064009,level2,06,山形県,西置賜郡,24962.0,268.0
064017,level3,06,山形県,西置賜郡小国町,6537.0,62.0
064025,level3,06,山形県,西置賜郡白鷹町,12222.0,165.0
064033,level3,06,山形県,西置賜郡飯豊町,6203.0,41.0
064203,level2,06,山形県,東田川郡,26153.0,201.0
064262,level3,06,山形県,東田川郡三川町,7009.0,38.0
064289,level3,06,山形県,東田川郡庄内町,19144.0,163.0
064602,level2,06,山形県,飽海郡,12157.0,83.0
064611,level3,06,山形県,飽海郡遊佐町,12157.0,83.0
070009,level1,07,福島県,-,1771314.0,19688.0
072010,level3,07,福島県,福島市,264652.0,2374.0
072028,level3,07,福島県,会津若松市,110841.0,1105.0
072036,level3,07,福島県,郡山市,312433.0,3684.0
072044,level3,07,福島県,いわき市,303171.0,3786.0
072052,level3,07,福島県,白河市,57085.0,882.0
072079,level3,07,福島県,須賀川市,72918.0,571.0
072087,level3,07,福島県,喜多方市,43519.0,366.0
072095,level3,07,福島県,相馬市,32261.0,267.0
072109,level3,07,福島県,二本松市,50358.0,716.0
072117,level3,07,福島県,田村市,32982.0,401.0
072125,level3,07,福島県,南相馬市,55774.0,617.0
072133,level3,07,福島県,伊達市,55997.0,607.0
072141,level3,07,福島県,本宮市,29712.0,360.0
073008,level2,07,福島県,伊達郡,30458.0,296.0
073016,level3,07,福島県,伊達郡桑折町,10951.0,61.0
073032,level3,07,福島県,伊達郡国見町,8095.0,70.0
073083,level3,07,福島県,伊達郡川俣町,11412.0,165.0
073202,level2,07,福島県,安達郡,8817.0,36.0
073229,level3,07,福島県,安達郡大玉村,8817.0,36.0
073407,level2,07,福島県,岩瀬郡,17527.0,173.0
073423,level3,07,福島県,岩瀬郡鏡石町,12356.0,92.0
073440,level3,07,福島県,岩瀬郡天栄村,5171.0,81.0
073601,level2,07,福島県,南会津郡,22315.0,190.0
073628,level3,07,福島県,南会津郡下郷町,4792.0,13.0
073644,level3,07,福島県,南会津郡檜枝岐村,484.0,2.0
073679,level3,07,福島県,南会津郡只見町,3690.0,71.0
073687,level3,07,福島県,南会津郡南会津町,13349.0,104.0
074004,level2,07,福島県,耶麻郡,23505.0,247.0
074021,level3,07,福島県,耶麻郡北塩原村,2394.0,74.0
074055,level3,07,福島県,耶麻郡西会津町,5408.0,40.0
074071,level3,07,福島県,耶麻郡磐梯町,3151.0,23.0
074080,level3,07,福島県,耶麻郡猪苗代町,12552.0,110.0
074209,level2,07,福島県,河沼郡,20038.0,147.0
074217,level3,07,福島県,河沼郡会津坂下町,14217.0,127.0
074225,level3,07,福島県,河沼郡湯川村,2980.0,10.0
074233,level3,07,福島県,河沼郡柳津町,2841.0,10.0
074403,level2,07,福島県,大沼郡,22278.0,81.0
074446,level3,07,福島県,大沼郡三島町,1327.0,7.0
074454,level3,07,福島県,大沼郡金山町,1749.0,15.0
074462,level3,07,福島県,大沼郡昭和村,1085.0,6.0
074471,level3,07,福島県,大沼郡会津美里町,18117.0,53.0
074608,level2,07,福島県,西白河郡,48247.0,970.0
074616,level3,07,福島県,西白河郡西郷村,20616.0,398.0
074641,level3,07,福島県,西白河郡泉崎村,6092.0,170.0
074659,level3,07,福島県,西白河郡中島村,4732.0,79.0
074667,level3,07,福島県,西白河郡矢吹町,16807.0,323.0
074802,level2,07,福島県,東白川郡,28601.0,364.0
074811,level3,07,福島県,東白川郡棚倉町,12789.0,169.0
074829,level3,07,福島県,東白川郡矢祭町,5145.0,39.0
074837,level3,07,福島県,東白川郡塙町,7821.0,130.0
074845,level3,07,福島県,東白川郡鮫川村,2846.0,26.0
075001,level2,07,福島県,石川郡,35355.0,468.0
075019,level3,07,福島県,石川郡石川町,13654.0,125.0
075027,level3,07,福島県,石川郡玉川村,6050.0,64.0
075035,level3,07,福島県,石川郡平田村,5352.0,114.0
075043,level3,07,福島県,石川郡浅川町,5782.0,55.0
075051,level3,07,福島県,石川郡古殿町,4517.0,110.0
075205,level2,07,福島県,田村郡,24944.0,287.0
075213,level3,07,福島県,田村郡三春町,16080.0,95.0
075221,level3,07,福島県,田村郡小野町,8864.0,192.0
075400,level2,07,福島県,双葉郡,55575.0,567.0
075418,level3,07,福島県,双葉郡広野町,4531.0,64.0
075426,level3,07,福島県,双葉郡楢葉町,6409.0,148.0
075434,level3,07,福島県,双葉郡富岡町,11316.0,140.0
075442,level3,07,福島県,双葉郡川内村,2233.0,31.0
075451,level3,07,福島県,双葉郡大熊町,9944.0,60.0
075469,level3,07,福島県,双葉郡双葉町,5294.0,32.0
075477,level3,07,福島県,双葉郡浪江町,14632.0,74.0
075485,level3,07,福島県,双葉郡葛尾村,1216.0,18.0
075604,level2,07,福島県,相馬郡,11951.0,126.0
075612,level3,07,福島県,相馬郡新地町,7445.0,61.0
075647,level3,07,福島県,相馬郡飯舘村,4506.0,65.0
080004,level1,08,茨城県,-,2848597.0,100188.0
082015,level3,08,茨城県,水戸市,267467.0,4429.0
082023,level3,08,茨城県,日立市,163855.0,1736.0
082031,level3,08,茨城県,土浦市,141571.0,6426.0
082040,level3,08,茨城県,古河市,139812.0,5827.0
082058,level3,08,茨城県,石岡市,69937.0,1662.0
082074,level3,08,茨城県,結城市,49528.0,3068.0
082082,level3,08,茨城県,龍ケ崎市,74917.0,3294.0
082104,level3,08,茨城県,下妻市,42071.0,3201.0
082112,level3,08,茨城県,常総市,60596.0,6842.0
082121,level3,08,茨城県,常陸太田市,46390.0,266.0
082147,level3,08,茨城県,高萩市,25769.0,284.0
082155,level3,08,茨城県,北茨城市,40014.0,652.0
082163,level3,08,茨城県,笠間市,72567.0,1246.0
082171,level3,08,茨城県,取手市,105872.0,2934.0
082198,level3,08,茨城県,牛久市,83820.0,1939.0
082201,level3,08,茨城県,つくば市,259000.0,13909.0
082210,level3,08,茨城県,ひたちなか市,154647.0,2616.0
082228,level3,08,茨城県,鹿嶋市,65217.0,1291.0
082236,level3,08,茨城県,潮来市,26088.0,541.0
082244,level3,08,茨城県,守谷市,70900.0,1475.0
082252,level3,08,茨城県,常陸大宮市,37861.0,497.0
082261,level3,08,茨城県,那珂市,53167.0,411.0
082279,level3,08,茨城県,筑西市,99804.0,4403.0
082287,level3,08,茨城県,坂東市,52143.0,4523.0
082295,level3,08,茨城県,稲敷市,37012.0,1780.0
082309,level3,08,茨城県,かすみがうら市,39893.0,1923.0
082317,level3,08,茨城県,桜川市,37635.0,784.0
082325,level3,08,茨城県,神栖市,93786.0,3320.0
082333,level3,08,茨城県,行方市,31505.0,1405.0
082341,level3,08,茨城県,鉾田市,46537.0,4066.0
082350,level3,08,茨城県,つくばみらい市,53503.0,1051.0
082368,level3,08,茨城県,小美玉市,48482.0,2225.0
083003,level2,08,茨城県,東茨城郡,63692.0,2101.0
083020,level3,08,茨城県,東茨城郡茨城町,30523.0,865.0
083097,level3,08,茨城県,東茨城郡大洗町,15461.0,1121.0
083101,level3,08,茨城県,東茨城郡城里町,17708.0,115.0
083402,level2,08,茨城県,那珂郡,38151.0,446.0
083411,level3,08,茨城県,那珂郡東海村,38151.0,446.0
083607,level2,08,茨城県,久慈郡,14516.0,123.0
083640,level3,08,茨城県,久慈郡大子町,14516.0,123.0
084409,level2,08,茨城県,稲敷郡,71590.0,2192.0
084425,level3,08,茨城県,稲敷郡美浦村,14156.0,580.0
084433,level3,08,茨城県,稲敷郡阿見町,49643.0,1405.0
084476,level3,08,茨城県,稲敷郡河内町,7791.0,207.0
085201,level2,08,茨城県,結城郡,21082.0,2051.0
085219,level3,08,茨城県,結城郡八千代町,21082.0,2051.0
085405,level2,08,茨城県,猿島郡,32702.0,2231.0
085421,level3,08,茨城県,猿島郡五霞町,7933.0,405.0
085464,level3,08,茨城県,猿島郡境町,24769.0,1826.0
085600,level2,08,茨城県,北相馬郡,15498.0,1018.0
085642,level3,08,茨城県,北相馬郡利根町,15498.0,1018.0
090000,level1,09,栃木県,-,1904173.0,55762.0
092011,level3,09,栃木県,宇都宮市,514595.0,12357.0
092029,level3,09,栃木県,足利市,140055.0,6624.0
092037,level3,09,栃木県,栃木市,153088.0,5449.0
092045,level3,09,栃木県,佐野市,112988.0,3603.0
092053,level3,09,栃木県,鹿沼市,92895.0,1860.0
092061,level3,09,栃木県,日光市,75281.0,1997.0
092088,level3,09,栃木県,小山市,166874.0,8292.0
092096,level3,09,栃木県,真岡市,78284.0,4393.0
092100,level3,09,栃木県,大田原市,68053.0,1299.0
092118,level3,09,栃木県,矢板市,30117.0,445.0
092134,level3,09,栃木県,那須塩原市,115611.0,2993.0
092142,level3,09,栃木県,さくら市,43760.0,709.0
092151,level3,09,栃木県,那須烏山市,23482.0,324.0
092169,level3,09,栃木県,下野市,59728.0,1138.0
093009,level2,09,栃木県,河内郡,30748.0,662.0
093017,level3,09,栃木県,河内郡上三川町,30748.0,662.0
093408,level2,09,栃木県,芳賀郡,59218.0,967.0
093424,level3,09,栃木県,芳賀郡益子町,21360.0,333.0
093432,level3,09,栃木県,芳賀郡茂木町,11408.0,130.0
093441,level3,09,栃木県,芳賀郡市貝町,11073.0,256.0
093459,level3,09,栃木県,芳賀郡芳賀町,15377.0,248.0
093602,level2,09,栃木県,下都賀郡,63009.0,1321.0
093611,level3,09,栃木県,下都賀郡壬生町,38140.0,780.0
093645,level3,09,栃木県,下都賀郡野木町,24869.0,541.0
093807,level2,09,栃木県,塩谷郡,38566.0,581.0
093840,level3,09,栃木県,塩谷郡塩谷町,9796.0,103.0
093866,level3,09,栃木県,塩谷郡高根沢町,28770.0,478.0
094005,level2,09,栃木県,那須郡,37821.0,748.0
094072,level3,09,栃木県,那須郡那須町,23697.0,577.0
094111,level3,09,栃木県,那須郡那珂川町,14124.0,171.0
100005,level1,10,群馬県,-,1907976.0,81396.0
102016,level3,10,群馬県,前橋市,329120.0,10353.0
102024,level3,10,群馬県,高崎市,365972.0,7651.0
102032,level3,10,群馬県,桐生市,101185.0,2680.0
102041,level3,10,群馬県,伊勢崎市,212084.0,16389.0
102059,level3,10,群馬県,太田市,223075.0,15698.0
102067,level3,10,群馬県,沼田市,43532.0,1029.0
102075,level3,10,群馬県,館林市,73667.0,4119.0
102083,level3,10,群馬県,渋川市,72090.0,1309.0
102091,level3,10,群馬県,藤岡市,61551.0,1210.0
102105,level3,10,群馬県,富岡市,45172.0,1363.0
102113,level3,10,群馬県,安中市,53790.0,926.0
102121,level3,10,群馬県,みどり市,48470.0,1100.0
103403,level2,10,群馬県,北群馬郡,37277.0,569.0
103446,level3,10,群馬県,北群馬郡榛東村,14634.0,325.0
103454,level3,10,群馬県,北群馬郡吉岡町,22643.0,244.0
103608,level2,10,群馬県,多野郡,2522.0,38.0
103667,level3,10,群馬県,多野郡上野村,1011.0,22.0
103675,level3,10,群馬県,多野郡神流町,1511.0,16.0
103802,level2,10,群馬県,甘楽郡,19928.0,311.0
103829,level3,10,群馬県,甘楽郡下仁田町,6133.0,69.0
103837,level3,10,群馬県,甘楽郡南牧村,1427.0,8.0
103845,level3,10,群馬県,甘楽郡甘楽町,12368.0,234.0
104205,level2,10,群馬県,吾妻郡,49857.0,1945.0
104213,level3,10,群馬県,吾妻郡中之条町,14326.0,371.0
104248,level3,10,群馬県,吾妻郡長野原町,5082.0,145.0
104256,level3,10,群馬県,吾妻郡嬬恋村,9073.0,363.0
104264,level3,10,群馬県,吾妻郡草津町,6055.0,634.0
104281,level3,10,群馬県,吾妻郡高山村,3260.0,93.0
104299,level3,10,群馬県,吾妻郡東吾妻町,12061.0,339.0
104400,level2,10,群馬県,利根郡,30793.0,1323.0
104434,level3,10,群馬県,利根郡片品村,3928.0,123.0
104442,level3,10,群馬県,利根郡川場村,2973.0,16.0
104485,level3,10,群馬県,利根郡昭和村,6938.0,644.0
104493,level3,10,群馬県,利根郡みなかみ町,16954.0,540.0
104604,level2,10,群馬県,佐波郡,35620.0,1573.0
104647,level3,10,群馬県,佐波郡玉村町,35620.0,1573.0
105201,level2,10,群馬県,邑楽郡,102271.0,11810.0
105210,level3,10,群馬県,邑楽郡板倉町,13461.0,670.0
105228,level3,10,群馬県,邑楽郡明和町,10751.0,392.0
105236,level3,10,群馬県,邑楽郡千代田町,10848.0,604.0
105244,level3,10,群馬県,邑楽郡大泉町,41653.0,8871.0
105252,level3,10,群馬県,邑楽郡邑楽町,25558.0,1273.0
110001,level1,11,埼玉県,-,7374294.0,257656.0
111007,level2,11,埼玉県,さいたま市,1350500.0,34704.0
111015,level3,11,埼玉県,さいたま市西区,95597.0,1624.0
111023,level3,11,埼玉県,さいたま市北区,151122.0,3003.0
111031,level3,11,埼玉県,さいたま市大宮区,126417.0,3570.0
111040,level3,11,埼玉県,さいたま市見沼区,165465.0,3955.0
111058,level3,11,埼玉県,さいたま市中央区,103111.0,2265.0
111066,level3,11,埼玉県,さいたま市桜区,96620.0,3861.0
111074,level3,11,埼玉県,さいたま市浦和区,169815.0,4066.0
111082,level3,11,埼玉県,さいたま市南区,195507.0,6810.0
111091,level3,11,埼玉県,さいたま市緑区,134711.0,2394.0
111104,level3,11,埼玉県,さいたま市岩槻区,112135.0,3156.0
112011,level3,11,埼玉県,川越市,352805.0,11322.0
112020,level3,11,埼玉県,熊谷市,190927.0,5270.0
112038,level3,11,埼玉県,川口市,607447.0,48161.0
112062,level3,11,埼玉県,行田市,77854.0,2429.0
112071,level3,11,埼玉県,秩父市,57212.0,770.0
112089,level3,11,埼玉県,所沢市,342520.0,7829.0
112097,level3,11,埼玉県,飯能市,77963.0,1503.0
112101,level3,11,埼玉県,加須市,112018.0,3843.0
112119,level3,11,埼玉県,本庄市,76783.0,3279.0
112127,level3,11,埼玉県,東松山市,91256.0,4033.0
112143,level3,11,埼玉県,春日部市,229656.0,6452.0
112151,level3,11,埼玉県,狭山市,148221.0,3748.0
112160,level3,11,埼玉県,羽生市,53696.0,2580.0
112178,level3,11,埼玉県,鴻巣市,117564.0,2851.0
112186,level3,11,埼玉県,深谷市,140809.0,4182.0
112194,level3,11,埼玉県,上尾市,230066.0,5464.0
112216,level3,11,埼玉県,草加市,251992.0,11437.0
112224,level3,11,埼玉県,越谷市,342327.0,9178.0
112232,level3,11,埼玉県,蕨市,76342.0,9530.0
112241,level3,11,埼玉県,戸田市,142070.0,8845.0
112259,level3,11,埼玉県,入間市,143412.0,3357.0
112275,level3,11,埼玉県,朝霞市,145938.0,5004.0
112283,level3,11,埼玉県,志木市,76153.0,2382.0
112291,level3,11,埼玉県,和光市,84890.0,3053.0
112305,level3,11,埼玉県,新座市,166412.0,5070.0
112313,level3,11,埼玉県,桶川市,74172.0,1356.0
112321,level3,11,埼玉県,久喜市,150976.0,4406.0
112330,level3,11,埼玉県,北本市,65274.0,1076.0
112348,level3,11,埼玉県,八潮市,93655.0,5096.0
112356,level3,11,埼玉県,富士見市,113404.0,3588.0
112372,level3,11,埼玉県,三郷市,142152.0,6966.0
112381,level3,11,埼玉県,蓮田市,61111.0,1019.0
112399,level3,11,埼玉県,坂戸市,99632.0,3881.0
112402,level3,11,埼玉県,幸手市,48801.0,1639.0
112411,level3,11,埼玉県,鶴ヶ島市,69836.0,2103.0
112429,level3,11,埼玉県,日高市,54192.0,1312.0
112437,level3,11,埼玉県,吉川市,72396.0,2408.0
112453,level3,11,埼玉県,ふじみ野市,114559.0,3669.0
112461,level3,11,埼玉県,白岡市,52404.0,951.0
113000,level2,11,埼玉県,北足立郡,45042.0,833.0
113018,level3,11,埼玉県,北足立郡伊奈町,45042.0,833.0
113204,level2,11,埼玉県,入間郡,80177.0,2160.0
113247,level3,11,埼玉県,入間郡三芳町,37377.0,1089.0
113263,level3,11,埼玉県,入間郡毛呂山町,32043.0,866.0
113271,level3,11,埼玉県,入間郡越生町,10757.0,205.0
113409,level2,11,埼玉県,比企郡,123826.0,3017.0
113417,level3,11,埼玉県,比企郡滑川町,19757.0,674.0
113425,level3,11,埼玉県,比企郡嵐山町,17328.0,740.0
113433,level3,11,埼玉県,比企郡小川町,27448.0,462.0
113468,level3,11,埼玉県,比企郡川島町,18671.0,485.0
113476,level3,11,埼玉県,比企郡吉見町,17620.0,256.0
113484,level3,11,埼玉県,比企郡鳩山町,12782.0,167.0
113492,level3,11,埼玉県,比企郡ときがわ町,10220.0,233.0
113603,level2,11,埼玉県,秩父郡,35313.0,423.0
113611,level3,11,埼玉県,秩父郡横瀬町,7601.0,89.0
113620,level3,11,埼玉県,秩父郡皆野町,8878.0,111.0
113638,level3,11,埼玉県,秩父郡長瀞町,6367.0,51.0
113654,level3,11,埼玉県,秩父郡小鹿野町,10061.0,162.0
113697,level3,11,埼玉県,秩父郡東秩父村,2406.0,10.0
113808,level2,11,埼玉県,児玉郡,53974.0,2352.0
113816,level3,11,埼玉県,児玉郡美里町,10685.0,231.0
113832,level3,11,埼玉県,児玉郡神川町,12759.0,660.0
113859,level3,11,埼玉県,児玉郡上里町,30530.0,1461.0
114006,level2,11,埼玉県,大里郡,31675.0,984.0
114081,level3,11,埼玉県,大里郡寄居町,31675.0,984.0
114405,level2,11,埼玉県,南埼玉郡,33471.0,597.0
114421,level3,11,埼玉県,南埼玉郡宮代町,33471.0,597.0
114600,level2,11,埼玉県,北葛飾郡,71419.0,1544.0
114642,level3,11,埼玉県,北葛飾郡杉戸町,43562.0,857.0
114651,level3,11,埼玉県,北葛飾郡松伏町,27857.0,687.0
120006,level1,12,千葉県,-,6311579.0,227013.0
121002,level2,12,千葉県,千葉市,983896.0,39375.0
121011,level3,12,千葉県,千葉市中央区,216963.0,8822.0
121029,level3,12,千葉県,千葉市花見川区,176964.0,7197.0
121037,level3,12,千葉県,千葉市稲毛区,158426.0,5485.0
121045,level3,12,千葉県,千葉市若葉区,146761.0,5589.0
121053,level3,12,千葉県,千葉市緑区,129402.0,2148.0
121061,level3,12,千葉県,千葉市美浜区,155380.0,10134.0
122025,level3,12,千葉県,銚子市,53986.0,2714.0
122033,level3,12,千葉県,市川市,494720.0,21815.0
122041,level3,12,千葉県,船橋市,649393.0,23731.0
122050,level3,12,千葉県,館山市,43554.0,638.0
122068,level3,12,千葉県,木更津市,136843.0,3402.0
122076,level3,12,千葉県,松戸市,500395.0,23632.0
122084,level3,12,千葉県,野田市,153538.0,5591.0
122106,level3,12,千葉県,茂原市,85861.0,1791.0
122114,level3,12,千葉県,成田市,133099.0,9950.0
122122,level3,12,千葉県,佐倉市,169506.0,5437.0
122131,level3,12,千葉県,東金市,56524.0,2174.0
122157,level3,12,千葉県,旭市,61986.0,2012.0
122165,level3,12,千葉県,習志野市,175105.0,5893.0
122173,level3,12,千葉県,柏市,437634.0,13386.0
122181,level3,12,千葉県,勝浦市,15213.0,226.0
122190,level3,12,千葉県,市原市,266861.0,7659.0
122203,level3,12,千葉県,流山市,212562.0,4107.0
122211,level3,12,千葉県,八千代市,206692.0,8299.0
122220,level3,12,千葉県,我孫子市,131317.0,3646.0
122238,level3,12,千葉県,鴨川市,30209.0,845.0
122246,level3,12,千葉県,鎌ケ谷市,109757.0,2528.0
122254,level3,12,千葉県,君津市,79520.0,1442.0
122262,level3,12,千葉県,富津市,40427.0,830.0
122271,level3,12,千葉県,浦安市,171322.0,5100.0
122289,level3,12,千葉県,四街道市,96424.0,3816.0
122297,level3,12,千葉県,袖ケ浦市,66091.0,1265.0
122301,level3,12,千葉県,八街市,66631.0,4019.0
122319,level3,12,千葉県,印西市,111731.0,3392.0
122327,level3,12,千葉県,白井市,62218.0,1890.0
122335,level3,12,千葉県,富里市,49999.0,4311.0
122343,level3,12,千葉県,南房総市,34066.0,564.0
122351,level3,12,千葉県,匝瑳市,33294.0,824.0
122360,level3,12,千葉県,香取市,69575.0,1718.0
122378,level3,12,千葉県,山武市,47745.0,2104.0
122386,level3,12,千葉県,いすみ市,34705.0,657.0
122394,level3,12,千葉県,大網白里市,47660.0,900.0
123200,level2,12,千葉県,印旛郡,39719.0,1439.0
123226,level3,12,千葉県,印旛郡酒々井町,20095.0,959.0
123293,level3,12,千葉県,印旛郡栄町,19624.0,480.0
123404,level2,12,千葉県,香取郡,31667.0,1266.0
123421,level3,12,千葉県,香取郡神崎町,5634.0,204.0
123471,level3,12,千葉県,香取郡多古町,13426.0,639.0
123498,level3,12,千葉県,香取郡東庄町,12607.0,423.0
124001,level2,12,千葉県,山武郡,42743.0,1408.0
124036,level3,12,千葉県,山武郡九十九里町,14004.0,414.0
124095,level3,12,千葉県,山武郡芝山町,6644.0,349.0
124109,level3,12,千葉県,山武郡横芝光町,22095.0,645.0
124206,level2,12,千葉県,長生郡,55795.0,891.0
124214,level3,12,千葉県,長生郡一宮町,12294.0,231.0
124222,level3,12,千葉県,長生郡睦沢町,6549.0,66.0
124231,level3,12,千葉県,長生郡長生村,13269.0,141.0
124249,level3,12,千葉県,長生郡白子町,10376.0,227.0
124265,level3,12,千葉県,長生郡長柄町,6233.0,140.0
124273,level3,12,千葉県,長生郡長南町,7074.0,86.0
124401,level2,12,千葉県,夷隅郡,14917.0,197.0
124419,level3,12,千葉県,夷隅郡大多喜町,8005.0,110.0
124435,level3,12,千葉県,夷隅郡御宿町,6912.0,87.0
124605,level2,12,千葉県,安房郡,6679.0,129.0
124630,level3,12,千葉県,安房郡鋸南町,6679.0,129.0
130001,level1,13,東京都,-,14002534.0,721223.0
131016,level3,13,東京都,千代田区,68835.0,4108.0
131024,level3,13,東京都,中央区,187404.0,12553.0
131032,level3,13,東京都,港区,267780.0,22614.0
131041,level3,13,東京都,新宿区,352717.0,48097.0
131059,level3,13,東京都,文京区,235345.0,15923.0
131067,level3,13,東京都,台東区,216084.0,20332.0
131075,level3,13,東京都,墨田区,287302.0,16980.0
131083,level3,13,東京都,江東区,541685.0,39561.0
131091,level3,13,東京都,品川区,412786.0,17010.0
131105,level3,13,東京都,目黒区,281400.0,11479.0
131113,level3,13,東京都,大田区,740519.0,32041.0
131121,level3,13,東京都,世田谷区,923210.0,28202.0
131130,level3,13,東京都,渋谷区,231402.0,12711.0
131148,level3,13,東京都,中野区,341322.0,24632.0
131156,level3,13,東京都,杉並区,577147.0,22289.0
131164,level3,13,東京都,豊島区,294644.0,36360.0
131172,level3,13,東京都,北区,362089.0,31471.0
131181,level3,13,東京都,荒川区,222278.0,23539.0
131199,level3,13,東京都,板橋区,578914.0,37481.0
131202,level3,13,東京都,練馬区,745927.0,26531.0
131211,level3,13,東京都,足立区,698276.0,43996.0
131229,level3,13,東京都,葛飾区,469916.0,29664.0
131237,level3,13,東京都,江戸川区,693570.0,47932.0
132012,level3,13,東京都,八王子市,559083.0,16750.0
132021,level3,13,東京都,立川市,186257.0,6078.0
132039,level3,13,東京都,武蔵野市,148034.0,4196.0
132047,level3,13,東京都,三鷹市,190497.0,4811.0
132055,level3,13,東京都,青梅市,129105.0,3032.0
132063,level3,13,東京都,府中市,260998.0,6577.0
132071,level3,13,東京都,昭島市,115632.0,3555.0
132080,level3,13,東京都,調布市,239348.0,5534.0
132098,level3,13,東京都,町田市,430170.0,9915.0
132101,level3,13,東京都,小金井市,125174.0,3639.0
132110,level3,13,東京都,小平市,196799.0,6325.0
132128,level3,13,東京都,日野市,188477.0,4175.0
132136,level3,13,東京都,東村山市,151795.0,4202.0
132144,level3,13,東京都,国分寺市,129500.0,3235.0
132152,level3,13,東京都,国立市,76079.0,2015.0
132187,level3,13,東京都,福生市,56582.0,4606.0
132195,level3,13,東京都,狛江市,82048.0,1650.0
132209,level3,13,東京都,東大和市,84996.0,1467.0
132217,level3,13,東京都,清瀬市,75011.0,1708.0
132225,level3,13,東京都,東久留米市,116325.0,2850.0
132233,level3,13,東京都,武蔵村山市,70696.0,2143.0
132241,level3,13,東京都,多摩市,148084.0,3669.0
132250,level3,13,東京都,稲城市,93916.0,2050.0
132276,level3,13,東京都,羽村市,54126.0,1979.0
132284,level3,13,東京都,あきる野市,79244.0,1561.0
132292,level3,13,東京都,西東京市,206245.0,6240.0
133001,level2,13,東京都,西多摩郡,54489.0,1359.0
133035,level3,13,東京都,西多摩郡瑞穂町,32013.0,1092.0
133051,level3,13,東京都,西多摩郡日の出町,16061.0,173.0
133078,level3,13,東京都,西多摩郡檜原村,1923.0,11.0
133086,level3,13,東京都,西多摩郡奥多摩町,4492.0,83.0
133604,level2,13,東京都,島しょ,23272.0,396.0
133612,level3,13,東京都,大島町,6813.0,148.0
133621,level3,13,東京都,利島村,300.0,6.0
133639,level3,13,東京都,新島村,2415.0,17.0
133647,level3,13,東京都,神津島村,1737.0,10.0
133817,level3,13,東京都,三宅村,2211.0,41.0
133825,level3,13,東京都,御蔵島村,302.0,2.0
134015,level3,13,東京都,八丈町,6838.0,129.0
134023,level3,13,東京都,青ヶ島村,160.0,0.0
134210,level3,13,東京都,小笠原村,2496.0,43.0
140007,level1,14,神奈川県,-,9202559.0,284889.0
141003,level2,14,神奈川県,横浜市,3753398.0,126744.0
141011,level3,14,神奈川県,横浜市鶴見区,295947.0,16823.0
141020,level3,14,神奈川県,横浜市神奈川区,245832.0,9671.0
141038,level3,14,神奈川県,横浜市西区,106188.0,6022.0
141046,level3,14,神奈川県,横浜市中区,155366.0,18687.0
141054,level3,14,神奈川県,横浜市南区,200586.0,13460.0
141062,level3,14,神奈川県,横浜市保土ケ谷区,202706.0,6773.0
141071,level3,14,神奈川県,横浜市磯子区,165586.0,6456.0
141089,level3,14,神奈川県,横浜市金沢区,192009.0,3982.0
141097,level3,14,神奈川県,横浜市港北区,358165.0,8619.0
141101,level3,14,神奈川県,横浜市戸塚区,280846.0,5257.0
141119,level3,14,神奈川県,横浜市港南区,211469.0,3580.0
141127,level3,14,神奈川県,横浜市旭区,241954.0,4545.0
141135,level3,14,神奈川県,横浜市緑区,181558.0,5569.0
141143,level3,14,神奈川県,横浜市瀬谷区,121731.0,2556.0
141151,level3,14,神奈川県,横浜市栄区,120683.0,1672.0
141160,level3,14,神奈川県,横浜市泉区,151056.0,2709.0
141178,level3,14,神奈川県,横浜市青葉区,306960.0,5901.0
141186,level3,14,神奈川県,横浜市都筑区,214756.0,4462.0
141305,level2,14,神奈川県,川崎市,1535141.0,55850.0
141313,level3,14,神奈川県,川崎市川崎区,233887.0,19924.0
141321,level3,14,神奈川県,川崎市幸区,174808.0,7001.0
141330,level3,14,神奈川県,川崎市中原区,263731.0,7316.0
141348,level3,14,神奈川県,川崎市高津区,231957.0,6537.0
141356,level3,14,神奈川県,川崎市多摩区,218533.0,6075.0
141364,level3,14,神奈川県,川崎市宮前区,234249.0,5096.0
141372,level3,14,神奈川県,川崎市麻生区,177976.0,3901.0
141500,level2,14,神奈川県,相模原市,716494.0,20515.0
141518,level3,14,神奈川県,相模原市緑区,165772.0,4215.0
141526,level3,14,神奈川県,相模原市中央区,271862.0,8209.0
141534,level3,14,神奈川県,相模原市南区,278860.0,8091.0
142018,level3,14,神奈川県,横須賀市,379041.0,7505.0
142034,level3,14,神奈川県,平塚市,256549.0,6350.0
142042,level3,14,神奈川県,鎌倉市,174535.0,1938.0
142051,level3,14,神奈川県,藤沢市,445041.0,8489.0
142069,level3,14,神奈川県,小田原市,186464.0,3713.0
142077,level3,14,神奈川県,茅ヶ崎市,247345.0,2595.0
142085,level3,14,神奈川県,逗子市,57827.0,648.0
142107,level3,14,神奈川県,三浦市,39842.0,550.0
142115,level3,14,神奈川県,秦野市,158573.0,4839.0
142123,level3,14,神奈川県,厚木市,223424.0,10234.0
142131,level3,14,神奈川県,大和市,245750.0,8716.0
142140,level3,14,神奈川県,伊勢原市,99816.0,3471.0
142158,level3,14,神奈川県,海老名市,140763.0,3765.0
142166,level3,14,神奈川県,座間市,131219.0,4140.0
142174,level3,14,神奈川県,南足柄市,40164.0,666.0
142182,level3,14,神奈川県,綾瀬市,83952.0,5203.0
143006,level2,14,神奈川県,三浦郡,31813.0,316.0
143014,level3,14,神奈川県,三浦郡葉山町,31813.0,316.0
143201,level2,14,神奈川県,高座郡,48997.0,1300.0
143219,level3,14,神奈川県,高座郡寒川町,48997.0,1300.0
143405,level2,14,神奈川県,中郡,59172.0,572.0
143413,level3,14,神奈川県,中郡大磯町,31757.0,247.0
143421,level3,14,神奈川県,中郡二宮町,27415.0,325.0
143600,level2,14,神奈川県,足柄上郡,64575.0,1136.0
143618,level3,14,神奈川県,足柄上郡中井町,8901.0,447.0
143626,level3,14,神奈川県,足柄上郡大井町,17426.0,195.0
143634,level3,14,神奈川県,足柄上郡松田町,10419.0,166.0
143642,level3,14,神奈川県,足柄上郡山北町,9263.0,137.0
143669,level3,14,神奈川県,足柄上郡開成町,18566.0,191.0
143804,level2,14,神奈川県,足柄下郡,40571.0,1904.0
143821,level3,14,神奈川県,足柄下郡箱根町,10835.0,1219.0
143839,level3,14,神奈川県,足柄下郡真鶴町,6553.0,80.0
143847,level3,14,神奈川県,足柄下郡湯河原町,23183.0,605.0
144002,level2,14,神奈川県,愛甲郡,42093.0,3730.0
144011,level3,14,神奈川県,愛甲郡愛川町,39377.0,3636.0
144029,level3,14,神奈川県,愛甲郡清川村,2716.0,94.0
150002,level1,15,新潟県,-,2110754.0,23785.0
151009,level2,15,新潟県,新潟市,761503.0,7119.0
151017,level3,15,新潟県,新潟市北区,70155.0,895.0
151025,level3,15,新潟県,新潟市東区,130833.0,1167.0
151033,level3,15,新潟県,新潟市中央区,172041.0,2253.0
151041,level3,15,新潟県,新潟市江南区,67520.0,457.0
151050,level3,15,新潟県,新潟市秋葉区,73907.0,319.0
151068,level3,15,新潟県,新潟市南区,42214.0,307.0
151076,level3,15,新潟県,新潟市西区,152266.0,1362.0
151084,level3,15,新潟県,新潟市西蒲区,52567.0,359.0
152021,level3,15,新潟県,長岡市,255261.0,2886.0
152048,level3,15,新潟県,三条市,91178.0,858.0
152056,level3,15,新潟県,柏崎市,76217.0,923.0
152064,level3,15,新潟県,新発田市,91677.0,915.0
152081,level3,15,新潟県,小千谷市,32602.0,495.0
152099,level3,15,新潟県,加茂市,24079.0,119.0
152102,level3,15,新潟県,十日町市,47124.0,397.0
152111,level3,15,新潟県,見附市,38061.0,262.0
152129,level3,15,新潟県,村上市,53492.0,458.0
152137,level3,15,新潟県,燕市,75935.0,774.0
152161,level3,15,新潟県,糸魚川市,38041.0,600.0
152170,level3,15,新潟県,妙高市,29514.0,668.0
152188,level3,15,新潟県,五泉市,45690.0,623.0
152226,level3,15,新潟県,上越市,180440.0,2377.0
152234,level3,15,新潟県,阿賀野市,39165.0,462.0
152242,level3,15,新潟県,佐渡市,48103.0,274.0
152251,level3,15,新潟県,魚沼市,32522.0,343.0
152269,level3,15,新潟県,南魚沼市,52376.0,1417.0
152277,level3,15,新潟県,胎内市,26791.0,359.0
153001,level2,15,新潟県,北蒲原郡,13986.0,318.0
153079,level3,15,新潟県,北蒲原郡聖籠町,13986.0,318.0
153401,level2,15,新潟県,西蒲原郡,7534.0,57.0
153427,level3,15,新潟県,西蒲原郡弥彦村,7534.0,57.0
153605,level2,15,新潟県,南蒲原郡,10581.0,48.0
153613,level3,15,新潟県,南蒲原郡田上町,10581.0,48.0
153800,level2,15,新潟県,東蒲原郡,9047.0,48.0
153851,level3,15,新潟県,東蒲原郡阿賀町,9047.0,48.0
154008,level2,15,新潟県,三島郡,3886.0,26.0
154059,level3,15,新潟県,三島郡出雲崎町,3886.0,26.0
154601,level2,15,新潟県,南魚沼郡,8268.0,683.0
154610,level3,15,新潟県,南魚沼郡湯沢町,8268.0,683.0
154806,level2,15,新潟県,中魚沼郡,8456.0,157.0
154822,level3,15,新潟県,中魚沼郡津南町,8456.0,157.0
155004,level2,15,新潟県,刈羽郡,4222.0,84.0
155047,level3,15,新潟県,刈羽郡刈羽村,4222.0,84.0
155802,level2,15,新潟県,岩船郡,5003.0,35.0
155811,level3,15,新潟県,岩船郡関川村,4691.0,32.0
155861,level3,15,新潟県,岩船郡粟島浦村,312.0,3.0
160008,level1,16,富山県,-,1008536.0,23783.0
162019,level3,16,富山県,富山市,403757.0,9316.0
162027,level3,16,富山県,高岡市,162672.0,4368.0
162043,level3,16,富山県,魚津市,38617.0,581.0
162051,level3,16,富山県,氷見市,42167.0,627.0
162060,level3,16,富山県,滑川市,32489.0,574.0
162078,level3,16,富山県,黒部市,39155.0,539.0
162086,level3,16,富山県,砺波市,46674.0,822.0
162094,level3,16,富山県,小矢部市,27857.0,866.0
162108,level3,16,富山県,南砺市,46071.0,1094.0
162116,level3,16,富山県,射水市,90184.0,3604.0
163201,level2,16,富山県,中新川郡,46264.0,724.0
163210,level3,16,富山県,中新川郡舟橋村,3313.0,59.0
163228,level3,16,富山県,中新川郡上市町,18657.0,306.0
163236,level3,16,富山県,中新川郡立山町,24294.0,359.0
163406,level2,16,富山県,下新川郡,32629.0,668.0
163422,level3,16,富山県,下新川郡入善町,22256.0,518.0
163431,level3,16,富山県,下新川郡朝日町,10373.0,150.0
170003,level1,17,石川県,-,1098121.0,20533.0
172014,level3,17,石川県,金沢市,443123.0,7998.0
172022,level3,17,石川県,七尾市,46500.0,817.0
172031,level3,17,石川県,小松市,105475.0,3240.0
172049,level3,17,石川県,輪島市,20928.0,98.0
172057,level3,17,石川県,珠洲市,11374.0,74.0
172065,level3,17,石川県,加賀市,61703.0,1582.0
172073,level3,17,石川県,羽咋市,19585.0,231.0
172090,level3,17,石川県,かほく市,36200.0,432.0
172103,level3,17,石川県,白山市,112524.0,2010.0
172111,level3,17,石川県,能美市,49704.0,1581.0
172120,level3,17,石川県,野々市市,54583.0,709.0
173207,level2,17,石川県,能美郡,6041.0,67.0
173240,level3,17,石川県,能美郡川北町,6041.0,67.0
173606,level2,17,石川県,河北郡,63183.0,796.0
173614,level3,17,石川県,河北郡津幡町,37521.0,401.0
173657,level3,17,石川県,河北郡内灘町,25662.0,395.0
173801,level2,17,石川県,羽咋郡,29431.0,439.0
173843,level3,17,石川県,羽咋郡志賀町,17609.0,205.0
173860,level3,17,石川県,羽咋郡宝達志水町,11822.0,234.0
174009,level2,17,石川県,鹿島郡,16529.0,176.0
174076,level3,17,石川県,鹿島郡中能登町,16529.0,176.0
174602,level2,17,石川県,鳳珠郡,21238.0,283.0
174611,level3,17,石川県,鳳珠郡穴水町,6907.0,147.0
174637,level3,17,石川県,鳳珠郡能登町,14331.0,136.0
180009,level1,18,福井県,-,746690.0,19152.0
182010,level3,18,福井県,福井市,254029.0,5599.0
182028,level3,18,福井県,敦賀市,62382.0,1364.0
182044,level3,18,福井県,小浜市,27644.0,513.0
182052,level3,18,福井県,大野市,29821.0,635.0
182061,level3,18,福井県,勝山市,21056.0,385.0
182079,level3,18,福井県,鯖江市,68302.0,1192.0
182087,level3,18,福井県,あわら市,26306.0,705.0
182095,level3,18,福井県,越前市,80418.0,5622.0
182109,level3,18,福井県,坂井市,88430.0,1957.0
183202,level2,18,福井県,吉田郡,17644.0,280.0
183229,level3,18,福井県,吉田郡永平寺町,17644.0,280.0
183806,level2,18,福井県,今立郡,2186.0,14.0
183822,level3,18,福井県,今立郡池田町,2186.0,14.0
184004,level2,18,福井県,南条郡,9448.0,89.0
184047,level3,18,福井県,南条郡南越前町,9448.0,89.0
184209,level2,18,福井県,丹生郡,19769.0,288.0
184233,level3,18,福井県,丹生郡越前町,19769.0,288.0
184403,level2,18,福井県,三方郡,8676.0,90.0
184420,level3,18,福井県,三方郡美浜町,8676.0,90.0
184802,level2,18,福井県,大飯郡,17225.0,285.0
184811,level3,18,福井県,大飯郡高浜町,9544.0,185.0
184837,level3,18,福井県,大飯郡おおい町,7681.0,100.0
185001,level2,18,福井県,三方上中郡,13354.0,134.0
185019,level3,18,福井県,三方上中郡若狭町,13354.0,134.0
190004,level1,19,山梨県,-,801056.0,23075.0
192015,level3,19,山梨県,甲府市,183850.0,7601.0
192023,level3,19,山梨県,富士吉田市,46364.0,946.0
192040,level3,19,山梨県,都留市,28509.0,726.0
192058,level3,19,山梨県,山梨市,32710.0,328.0
192066,level3,19,山梨県,大月市,21314.0,362.0
192074,level3,19,山梨県,韮崎市,27798.0,676.0
192082,level3,19,山梨県,南アルプス市,71726.0,1517.0
192091,level3,19,山梨県,北杜市,45380.0,868.0
192104,level3,19,山梨県,甲斐市,76370.0,1552.0
192112,level3,19,山梨県,笛吹市,66857.0,1752.0
192121,level3,19,山梨県,上野原市,21208.0,538.0
192139,level3,19,山梨県,甲州市,29079.0,319.0
192147,level3,19,山梨県,中央市,30597.0,2247.0
193402,level2,19,山梨県,西八代郡,14434.0,320.0
193461,level3,19,山梨県,西八代郡市川三郷町,14434.0,320.0
193607,level2,19,山梨県,南巨摩郡,31227.0,563.0
193640,level3,19,山梨県,南巨摩郡早川町,859.0,12.0
193658,level3,19,山梨県,南巨摩郡身延町,9677.0,203.0
193666,level3,19,山梨県,南巨摩郡南部町,6765.0,78.0
193682,level3,19,山梨県,南巨摩郡富士川町,13926.0,270.0
193801,level2,19,山梨県,中巨摩郡,21387.0,780.0
193844,level3,19,山梨県,中巨摩郡昭和町,21387.0,780.0
194204,level2,19,山梨県,南都留郡,51129.0,1966.0
194221,level3,19,山梨県,南都留郡道志村,1509.0,15.0
194239,level3,19,山梨県,南都留郡西桂町,3888.0,46.0
194247,level3,19,山梨県,南都留郡忍野村,9737.0,365.0
194255,level3,19,山梨県,南都留郡山中湖村,5822.0,352.0
194298,level3,19,山梨県,南都留郡鳴沢村,3058.0,45.0
194301,level3,19,山梨県,南都留郡富士河口湖町,27115.0,1143.0
194409,level2,19,山梨県,北都留郡,1117.0,14.0
194425,level3,19,山梨県,北都留郡小菅村,616.0,10.0
194433,level3,19,山梨県,北都留郡丹波山村,501.0,4.0
200000,level1,20,長野県,-,2012399.0,45263.0
202011,level3,20,長野県,長野市,362609.0,4643.0
202029,level3,20,長野県,松本市,234111.0,4607.0
202037,level3,20,長野県,上田市,151540.0,4668.0
202045,level3,20,長野県,岡谷市,46469.0,954.0
202053,level3,20,長野県,飯田市,94944.0,2352.0
202061,level3,20,長野県,諏訪市,47559.0,1632.0
202070,level3,20,長野県,須坂市,49149.0,850.0
202088,level3,20,長野県,小諸市,41248.0,1149.0
202096,level3,20,長野県,伊那市,64901.0,1963.0
202100,level3,20,長野県,駒ヶ根市,31325.0,858.0
202118,level3,20,長野県,中野市,42162.0,1054.0
202126,level3,20,長野県,大町市,25301.0,697.0
202134,level3,20,長野県,飯山市,18812.0,302.0
202142,level3,20,長野県,茅野市,54066.0,1212.0
202151,level3,20,長野県,塩尻市,65205.0,1446.0
202177,level3,20,長野県,佐久市,97380.0,1557.0
202185,level3,20,長野県,千曲市,58845.0,1054.0
202193,level3,20,長野県,東御市,28958.0,703.0
202207,level3,20,長野県,安曇野市,95868.0,1584.0
203009,level2,20,長野県,南佐久郡,22556.0,742.0
203033,level3,20,長野県,南佐久郡小海町,4196.0,101.0
203041,level3,20,長野県,南佐久郡川上村,3631.0,239.0
203050,level3,20,長野県,南佐久郡南牧村,2977.0,267.0
203068,level3,20,長野県,南佐久郡南相木村,926.0,11.0
203076,level3,20,長野県,南佐久郡北相木村,647.0,24.0
203092,level3,20,長野県,南佐久郡佐久穂町,10179.0,100.0
203203,level2,20,長野県,北佐久郡,45196.0,1622.0
203211,level3,20,長野県,北佐久郡軽井沢町,21752.0,928.0
203238,level3,20,長野県,北佐久郡御代田町,16770.0,522.0
203246,level3,20,長野県,北佐久郡立科町,6674.0,172.0
203408,level2,20,長野県,小県郡,9600.0,113.0
203491,level3,20,長野県,小県郡青木村,4086.0,50.0
203505,level3,20,長野県,小県郡長和町,5514.0,63.0
203602,level2,20,長野県,諏訪郡,40667.0,914.0
203611,level3,20,長野県,諏訪郡下諏訪町,18470.0,360.0
203629,level3,20,長野県,諏訪郡富士見町,14107.0,361.0
203637,level3,20,長野県,諏訪郡原村,8090.0,193.0
203807,level2,20,長野県,上伊那郡,80673.0,2428.0
203823,level3,20,長野県,上伊那郡辰野町,18009.0,450.0
203831,level3,20,長野県,上伊那郡箕輪町,24387.0,824.0
203840,level3,20,長野県,上伊那郡飯島町,8863.0,295.0
203858,level3,20,長野県,上伊那郡南箕輪村,16051.0,406.0
203866,level3,20,長野県,上伊那郡中川村,4620.0,77.0
203882,level3,20,長野県,上伊那郡宮田村,8743.0,376.0
204005,level2,20,長野県,下伊那郡,55710.0,1078.0
204021,level3,20,長野県,下伊那郡松川町,12445.0,205.0
204030,level3,20,長野県,下伊那郡高森町,12606.0,253.0
204048,level3,20,長野県,下伊那郡阿南町,3931.0,69.0
204072,level3,20,長野県,下伊那郡阿智村,5941.0,220.0
204099,level3,20,長野県,下伊那郡平谷村,377.0,3.0
204102,level3,20,長野県,下伊那郡根羽村,806.0,22.0
204111,level3,20,長野県,下伊那郡下條村,3421.0,34.0
204129,level3,20,長野県,下伊那郡売木村,472.0,8.0
204137,level3,20,長野県,下伊那郡天龍村,1028.0,17.0
204145,level3,20,長野県,下伊那郡泰阜村,1426.0,21.0
204153,level3,20,長野県,下伊那郡喬木村,5888.0,64.0
204161,level3,20,長野県,下伊那郡豊丘村,6501.0,152.0
204170,level3,20,長野県,下伊那郡大鹿村,868.0,10.0
204200,level2,20,長野県,木曽郡,23783.0,383.0
204226,level3,20,長野県,木曽郡上松町,3930.0,100.0
204234,level3,20,長野県,木曽郡南木曽町,3674.0,40.0
204251,level3,20,長野県,木曽郡木祖村,2516.0,21.0
204293,level3,20,長野県,木曽郡王滝村,640.0,10.0
204307,level3,20,長野県,木曽郡大桑村,3206.0,61.0
204323,level3,20,長野県,木曽郡木曽町,9817.0,151.0
204404,level2,20,長野県,東筑摩郡,20752.0,338.0
204463,level3,20,長野県,東筑摩郡麻績村,2412.0,19.0
204480,level3,20,長野県,東筑摩郡生坂村,1615.0,17.0
204501,level3,20,長野県,東筑摩郡山形村,8486.0,202.0
204510,level3,20,長野県,東筑摩郡朝日村,4263.0,60.0
204528,level3,20,長野県,東筑摩郡筑北村,3976.0,40.0
204803,level2,20,長野県,北安曇郡,31098.0,2320.0
204811,level3,20,長野県,北安曇郡池田町,9114.0,105.0
204820,level3,20,長野県,北安曇郡松川村,9648.0,152.0
204854,level3,20,長野県,北安曇郡白馬村,9525.0,1744.0
204862,level3,20,長野県,北安曇郡小谷村,2811.0,319.0
205206,level2,20,長野県,埴科郡,13872.0,612.0
205214,level3,20,長野県,埴科郡坂城町,13872.0,612.0
205401,level2,20,長野県,上高井郡,17400.0,199.0
205419,level3,20,長野県,上高井郡小布施町,10987.0,95.0
205435,level3,20,長野県,上高井郡高山村,6413.0,104.0
205605,level2,20,長野県,下高井郡,19048.0,946.0
205613,level3,20,長野県,下高井郡山ノ内町,11229.0,458.0
205621,level3,20,長野県,下高井郡木島平村,4237.0,53.0
205630,level3,20,長野県,下高井郡野沢温泉村,3582.0,435.0
205800,level2,20,長野県,上水内郡,20032.0,259.0
205834,level3,20,長野県,上水内郡信濃町,7560.0,187.0
205885,level3,20,長野県,上水内郡小川村,2198.0,19.0
205907,level3,20,長野県,上水内郡飯綱町,10274.0,53.0
206008,level2,20,長野県,下水内郡,1560.0,24.0
206024,level3,20,長野県,下水内郡栄村,1560.0,24.0
210005,level1,21,岐阜県,-,1951292.0,72509.0
212016,level3,21,岐阜県,岐阜市,399127.0,11960.0
212024,level3,21,岐阜県,大垣市,156912.0,6399.0
212032,level3,21,岐阜県,高山市,82486.0,1360.0
212041,level3,21,岐阜県,多治見市,105048.0,2814.0
212059,level3,21,岐阜県,関市,83930.0,2896.0
212067,level3,21,岐阜県,中津川市,73535.0,2542.0
212075,level3,21,岐阜県,美濃市,18991.0,663.0
212083,level3,21,岐阜県,瑞浪市,35279.0,1361.0
212091,level3,21,岐阜県,羽島市,66517.0,1739.0
212105,level3,21,岐阜県,恵那市,46054.0,1286.0
212113,level3,21,岐阜県,美濃加茂市,57595.0,6162.0
212121,level3,21,岐阜県,土岐市,54243.0,2289.0
212130,level3,21,岐阜県,各務原市,144195.0,4212.0
212148,level3,21,岐阜県,可児市,99779.0,9117.0
212156,level3,21,岐阜県,山県市,24767.0,872.0
212164,level3,21,岐阜県,瑞穂市,56343.0,2840.0
212172,level3,21,岐阜県,飛騨市,21674.0,259.0
212181,level3,21,岐阜県,本巣市,32885.0,913.0
212199,level3,21,岐阜県,郡上市,37728.0,753.0
212202,level3,21,岐阜県,下呂市,28915.0,941.0
212211,level3,21,岐阜県,海津市,31505.0,1265.0
213004,level2,21,岐阜県,羽島郡,48195.0,1423.0
213021,level3,21,岐阜県,羽島郡岐南町,26366.0,872.0
213039,level3,21,岐阜県,羽島郡笠松町,21829.0,551.0
213403,level2,21,岐阜県,養老郡,25971.0,836.0
213411,level3,21,岐阜県,養老郡養老町,25971.0,836.0
213608,level2,21,岐阜県,不破郡,31881.0,1217.0
213616,level3,21,岐阜県,不破郡垂井町,25746.0,1023.0
213624,level3,21,岐阜県,不破郡関ケ原町,6135.0,194.0
213802,level2,21,岐阜県,安八郡,41752.0,1639.0
213811,level3,21,岐阜県,安八郡神戸町,18210.0,539.0
213829,level3,21,岐阜県,安八郡輪之内町,9086.0,483.0
213837,level3,21,岐阜県,安八郡安八町,14456.0,617.0
214001,level2,21,岐阜県,揖斐郡,62543.0,1621.0
214019,level3,21,岐阜県,揖斐郡揖斐川町,18633.0,334.0
214035,level3,21,岐阜県,揖斐郡大野町,21449.0,514.0
214043,level3,21,岐阜県,揖斐郡池田町,22461.0,773.0
214205,level2,21,岐阜県,本巣郡,18568.0,670.0
214213,level3,21,岐阜県,本巣郡北方町,18568.0,670.0
215007,level2,21,岐阜県,加茂郡,45881.0,1607.0
215015,level3,21,岐阜県,加茂郡坂祝町,8264.0,697.0
215023,level3,21,岐阜県,加茂郡富加町,5884.0,199.0
215031,level3,21,岐阜県,加茂郡川辺町,9761.0,324.0
215040,level3,21,岐阜県,加茂郡七宗町,3186.0,38.0
215058,level3,21,岐阜県,加茂郡八百津町,9861.0,176.0
215066,level3,21,岐阜県,加茂郡白川町,6914.0,156.0
215074,level3,21,岐阜県,加茂郡東白川村,2011.0,17.0
215201,level2,21,岐阜県,可児郡,17523.0,815.0
215210,level3,21,岐阜県,可児郡御嵩町,17523.0,815.0
216003,level2,21,岐阜県,大野郡,1470.0,38.0
216046,level3,21,岐阜県,大野郡白川村,1470.0,38.0
220001,level1,22,静岡県,-,3575704.0,120111.0
221007,level2,22,静岡県,静岡市,672775.0,13870.0
221015,level3,22,静岡県,静岡市葵区,244034.0,3676.0
221023,level3,22,静岡県,静岡市駿河区,205565.0,5871.0
221031,level3,22,静岡県,静岡市清水区,223176.0,4323.0
221309,level2,22,静岡県,浜松市,783924.0,30173.0
221384,level3,22,静岡県,浜松市中央区,604410.0,25407.0
221392,level3,22,静岡県,浜松市浜名区,154669.0,4305.0
221406,level3,22,静岡県,浜松市天竜区,24845.0,461.0
222038,level3,22,静岡県,沼津市,185758.0,5692.0
222054,level3,22,静岡県,熱海市,33290.0,1241.0
222062,level3,22,静岡県,三島市,104961.0,1602.0
222071,level3,22,静岡県,富士宮市,126857.0,3267.0
222089,level3,22,静岡県,伊東市,64438.0,1058.0
222097,level3,22,静岡県,島田市,94747.0,1961.0
222101,level3,22,静岡県,富士市,246491.0,7578.0
222119,level3,22,静岡県,磐田市,165426.0,9835.0
222127,level3,22,静岡県,焼津市,135294.0,5787.0
222135,level3,22,静岡県,掛川市,115126.0,5423.0
222143,level3,22,静岡県,藤枝市,139870.0,2254.0
222151,level3,22,静岡県,御殿場市,83487.0,2941.0
222160,level3,22,静岡県,袋井市,87941.0,5916.0
222194,level3,22,静岡県,下田市,19282.0,391.0
222208,level3,22,静岡県,裾野市,48688.0,888.0
222216,level3,22,静岡県,湖西市,57216.0,4210.0
222224,level3,22,静岡県,伊豆市,27748.0,484.0
222232,level3,22,静岡県,御前崎市,29715.0,1223.0
222241,level3,22,静岡県,菊川市,47179.0,4031.0
222259,level3,22,静岡県,伊豆の国市,45983.0,722.0
222267,level3,22,静岡県,牧之原市,42326.0,2659.0
223000,level2,22,静岡県,賀茂郡,37128.0,848.0
223018,level3,22,静岡県,賀茂郡東伊豆町,11093.0,478.0
223026,level3,22,静岡県,賀茂郡河津町,6398.0,100.0
223042,level3,22,静岡県,賀茂郡南伊豆町,7340.0,71.0
223051,level3,22,静岡県,賀茂郡松崎町,5658.0,39.0
223069,level3,22,静岡県,賀茂郡西伊豆町,6639.0,160.0
223204,level2,22,静岡県,田方郡,36105.0,452.0
223255,level3,22,静岡県,田方郡函南町,36105.0,452.0
223409,level2,22,静岡県,駿東郡,92317.0,2508.0
223417,level3,22,静岡県,駿東郡清水町,31637.0,1447.0
223425,level3,22,静岡県,駿東郡長泉町,43705.0,598.0
223441,level3,22,静岡県,駿東郡小山町,16975.0,463.0
224201,level2,22,静岡県,榛原郡,34664.0,2535.0
224243,level3,22,静岡県,榛原郡吉田町,28964.0,2426.0
224294,level3,22,静岡県,榛原郡川根本町,5700.0,109.0
224600,level2,22,静岡県,周智郡,16968.0,562.0
224618,level3,22,静岡県,周智郡森町,16968.0,562.0
230006,level1,23,愛知県,-,7483755.0,321905.0
231002,level2,23,愛知県,名古屋市,2303004.0,100502.0
231011,level3,23,愛知県,名古屋市千種区,160425.0,7315.0
231029,level3,23,愛知県,名古屋市東区,85185.0,4252.0
231037,level3,23,愛知県,名古屋市北区,161333.0,7140.0
231045,level3,23,愛知県,名古屋市西区,147999.0,4891.0
231053,level3,23,愛知県,名古屋市中村区,137948.0,7956.0
231061,level3,23,愛知県,名古屋市中区,99504.0,10806.0
231070,level3,23,愛知県,名古屋市昭和区,106491.0,4737.0
231088,level3,23,愛知県,名古屋市瑞穂区,107751.0,2388.0
231096,level3,23,愛知県,名古屋市熱田区,65904.0,2879.0
231100,level3,23,愛知県,名古屋市中川区,215992.0,9249.0
231118,level3,23,愛知県,名古屋市港区,141271.0,11387.0
231126,level3,23,愛知県,名古屋市南区,131917.0,7546.0
231134,level3,23,愛知県,名古屋市守山区,175961.0,5207.0
231142,level3,23,愛知県,名古屋市緑区,249204.0,6224.0
231151,level3,23,愛知県,名古屋市名東区,159594.0,4329.0
231169,level3,23,愛知県,名古屋市天白区,156525.0,4196.0
232017,level3,23,愛知県,豊橋市,366089.0,21528.0
232025,level3,23,愛知県,岡崎市,382656.0,14444.0
232033,level3,23,愛知県,一宮市,376861.0,8916.0
232041,level3,23,愛知県,瀬戸市,126274.0,5246.0
232050,level3,23,愛知県,半田市,116209.0,4924.0
232068,level3,23,愛知県,春日井市,305902.0,9430.0
232076,level3,23,愛知県,豊川市,185900.0,8571.0
232084,level3,23,愛知県,津島市,59566.0,2591.0
232092,level3,23,愛知県,碧南市,72242.0,6511.0
232106,level3,23,愛知県,刈谷市,152984.0,5901.0
232114,level3,23,愛知県,豊田市,414750.0,21817.0
232122,level3,23,愛知県,安城市,187665.0,8497.0
232131,level3,23,愛知県,西尾市,169528.0,12046.0
232149,level3,23,愛知県,蒲郡市,77535.0,3609.0
232157,level3,23,愛知県,犬山市,71334.0,2805.0
232165,level3,23,愛知県,常滑市,58662.0,1989.0
232173,level3,23,愛知県,江南市,98124.0,2581.0
232190,level3,23,愛知県,小牧市,149025.0,11183.0
232203,level3,23,愛知県,稲沢市,132879.0,4128.0
232211,level3,23,愛知県,新城市,42375.0,1289.0
232220,level3,23,愛知県,東海市,113352.0,2761.0
232238,level3,23,愛知県,大府市,93014.0,3588.0
232246,level3,23,愛知県,知多市,83017.0,2407.0
232254,level3,23,愛知県,知立市,72646.0,5658.0
232262,level3,23,愛知県,尾張旭市,83782.0,1886.0
232271,level3,23,愛知県,高浜市,49041.0,4620.0
232289,level3,23,愛知県,岩倉市,47761.0,3464.0
232297,level3,23,愛知県,豊明市,67902.0,4321.0
232301,level3,23,愛知県,日進市,94207.0,2216.0
232319,level3,23,愛知県,田原市,58270.0,2047.0
232327,level3,23,愛知県,愛西市,60457.0,1562.0
232335,level3,23,愛知県,清須市,68707.0,2209.0
232343,level3,23,愛知県,北名古屋市,85843.0,2546.0
232351,level3,23,愛知県,弥富市,43534.0,2787.0
232360,level3,23,愛知県,みよし市,61408.0,2904.0
232378,level3,23,愛知県,あま市,88393.0,3224.0
232386,level3,23,愛知県,長久手市,61512.0,1296.0
233005,level2,23,愛知県,愛知郡,43928.0,1689.0
233021,level3,23,愛知県,愛知郡東郷町,43928.0,1689.0
233404,level2,23,愛知県,西春日井郡,15984.0,622.0
233421,level3,23,愛知県,西春日井郡豊山町,15984.0,622.0
233609,level2,23,愛知県,丹羽郡,59047.0,1738.0
233617,level3,23,愛知県,丹羽郡大口町,24004.0,917.0
233625,level3,23,愛知県,丹羽郡扶桑町,35043.0,821.0
234206,level2,23,愛知県,海部郡,75103.0,3673.0
234249,level3,23,愛知県,海部郡大治町,33566.0,1140.0
234257,level3,23,愛知県,海部郡蟹江町,36824.0,2032.0
234273,level3,23,愛知県,海部郡飛島村,4713.0,501.0
234401,level2,23,愛知県,知多郡,157577.0,4918.0
234419,level3,23,愛知県,知多郡阿久比町,28083.0,461.0
234427,level3,23,愛知県,知多郡東浦町,50029.0,1792.0
234451,level3,23,愛知県,知多郡南知多町,15506.0,614.0
234460,level3,23,愛知県,知多郡美浜町,20560.0,514.0
234478,level3,23,愛知県,知多郡武豊町,43399.0,1537.0
235008,level2,23,愛知県,額田郡,42023.0,1174.0
235016,level3,23,愛知県,額田郡幸田町,42023.0,1174.0
235601,level2,23,愛知県,北設楽郡,7683.0,87.0
235610,level3,23,愛知県,北設楽郡設楽町,4051.0,40.0
235628,level3,23,愛知県,北設楽郡東栄町,2703.0,31.0
235636,level3,23,愛知県,北設楽郡豊根村,929.0,16.0
240001,level1,24,三重県,-,1741266.0,66933.0
242012,level3,24,三重県,津市,268388.0,10921.0
242021,level3,24,三重県,四日市市,306378.0,12844.0
242039,level3,24,三重県,伊勢市,118849.0,1425.0
242047,level3,24,三重県,松阪市,156026.0,5478.0
242055,level3,24,三重県,桑名市,137978.0,6248.0
242071,level3,24,三重県,鈴鹿市,194451.0,10247.0
242080,level3,24,三重県,名張市,74229.0,1317.0
242098,level3,24,三重県,尾鷲市,15524.0,299.0
242101,level3,24,三重県,亀山市,49130.0,2557.0
242110,level3,24,三重県,鳥羽市,16424.0,512.0
242128,level3,24,三重県,熊野市,14981.0,180.0
242144,level3,24,三重県,いなべ市,44507.0,2588.0
242152,level3,24,三重県,志摩市,44110.0,594.0
242161,level3,24,三重県,伊賀市,84603.0,6169.0
243001,level2,24,三重県,桑名郡,5875.0,693.0
243035,level3,24,三重県,桑名郡木曽岬町,5875.0,693.0
243205,level2,24,三重県,員弁郡,25737.0,773.0
243248,level3,24,三重県,員弁郡東員町,25737.0,773.0
243400,level2,24,三重県,三重郡,67610.0,2288.0
243418,level3,24,三重県,三重郡菰野町,40758.0,1250.0
243434,level3,24,三重県,三重郡朝日町,11107.0,228.0
243442,level3,24,三重県,三重郡川越町,15745.0,810.0
244406,level2,24,三重県,多気郡,44471.0,645.0
244414,level3,24,三重県,多気郡多気町,13637.0,206.0
244422,level3,24,三重県,多気郡明和町,22630.0,296.0
244431,level3,24,三重県,多気郡大台町,8204.0,143.0
244601,level2,24,三重県,度会郡,40307.0,491.0
244619,level3,24,三重県,度会郡玉城町,15035.0,180.0
244708,level3,24,三重県,度会郡度会町,7556.0,76.0
244716,level3,24,三重県,度会郡大紀町,7227.0,124.0
244724,level3,24,三重県,度会郡南伊勢町,10489.0,111.0
245402,level2,24,三重県,北牟婁郡,13759.0,451.0
245437,level3,24,三重県,北牟婁郡紀北町,13759.0,451.0
245607,level2,24,三重県,南牟婁郡,17929.0,213.0
245615,level3,24,三重県,南牟婁郡御浜町,7809.0,57.0
245623,level3,24,三重県,南牟婁郡紀宝町,10120.0,156.0
250007,level1,25,滋賀県,-,1405246.0,41517.0
252018,level3,25,滋賀県,大津市,343600.0,5579.0
252026,level3,25,滋賀県,彦根市,110878.0,3874.0
252034,level3,25,滋賀県,長浜市,112294.0,4058.0
252042,level3,25,滋賀県,近江八幡市,81942.0,2241.0
252069,level3,25,滋賀県,草津市,140515.0,3552.0
252077,level3,25,滋賀県,守山市,85881.0,1237.0
252085,level3,25,滋賀県,栗東市,70412.0,1732.0
252093,level3,25,滋賀県,甲賀市,87729.0,4741.0
252107,level3,25,滋賀県,野洲市,50607.0,1154.0
252115,level3,25,滋賀県,湖南市,54065.0,4036.0
252123,level3,25,滋賀県,高島市,45190.0,852.0
252131,level3,25,滋賀県,東近江市,111349.0,4937.0
252140,level3,25,滋賀県,米原市,36928.0,696.0
253804,level2,25,滋賀県,蒲生郡,31941.0,1211.0
253839,level3,25,滋賀県,蒲生郡日野町,20702.0,975.0
253847,level3,25,滋賀県,蒲生郡竜王町,11239.0,236.0
254207,level2,25,滋賀県,愛知郡,21042.0,1188.0
254258,level3,25,滋賀県,愛知郡愛荘町,21042.0,1188.0
254401,level2,25,滋賀県,犬上郡,20873.0,429.0
254410,level3,25,滋賀県,犬上郡豊郷町,7117.0,261.0
254428,level3,25,滋賀県,犬上郡甲良町,6410.0,109.0
254436,level3,25,滋賀県,犬上郡多賀町,7346.0,59.0
260002,level1,26,京都府,-,2472013.0,82610.0
261009,level2,26,京都府,京都市,1373887.0,61328.0
261017,level3,26,京都府,京都市北区,106500.0,3664.0
261025,level3,26,京都府,京都市上京区,75308.0,4876.0
261033,level3,26,京都府,京都市左京区,150504.0,9452.0
261041,level3,26,京都府,京都市中京区,105936.0,4872.0
261050,level3,26,京都府,京都市東山区,32993.0,2088.0
261068,level3,26,京都府,京都市下京区,77491.0,4538.0
261076,level3,26,京都府,京都市南区,100929.0,6847.0
261084,level3,26,京都府,京都市右京区,190590.0,6874.0
261092,level3,26,京都府,京都市伏見区,265268.0,12017.0
261106,level3,26,京都府,京都市山科区,125602.0,3004.0
261114,level3,26,京都府,京都市西京区,142766.0,3096.0
262013,level3,26,京都府,福知山市,74540.0,1441.0
262021,level3,26,京都府,舞鶴市,75322.0,1108.0
262030,level3,26,京都府,綾部市,31072.0,818.0
262048,level3,26,京都府,宇治市,179582.0,3832.0
262056,level3,26,京都府,宮津市,15966.0,226.0
262064,level3,26,京都府,亀岡市,86209.0,1411.0
262072,level3,26,京都府,城陽市,73321.0,930.0
262081,level3,26,京都府,向日市,56186.0,640.0
262099,level3,26,京都府,長岡京市,82218.0,1082.0
262102,level3,26,京都府,八幡市,68598.0,2820.0
262111,level3,26,京都府,京田辺市,72011.0,1534.0
262129,level3,26,京都府,京丹後市,50042.0,532.0
262137,level3,26,京都府,南丹市,29531.0,627.0
262145,level3,26,京都府,木津川市,79339.0,1284.0
263001,level2,26,京都府,乙訓郡,16633.0,180.0
263036,level3,26,京都府,乙訓郡大山崎町,16633.0,180.0
263206,level2,26,京都府,久世郡,15231.0,1158.0
263222,level3,26,京都府,久世郡久御山町,15231.0,1158.0
263401,level2,26,京都府,綴喜郡,15646.0,774.0
263435,level3,26,京都府,綴喜郡井手町,6958.0,279.0
263443,level3,26,京都府,綴喜郡宇治田原町,8688.0,495.0
263605,level2,26,京都府,相楽郡,43032.0,474.0
263648,level3,26,京都府,相楽郡笠置町,1066.0,5.0
263656,level3,26,京都府,相楽郡和束町,3377.0,35.0
263664,level3,26,京都府,相楽郡精華町,36210.0,401.0
263672,level3,26,京都府,相楽郡南山城村,2379.0,33.0
264008,level2,26,京都府,船井郡,12384.0,265.0
264075,level3,26,京都府,船井郡京丹波町,12384.0,265.0
264601,level2,26,京都府,与謝郡,21263.0,146.0
264636,level3,26,京都府,与謝郡伊根町,1861.0,11.0
264652,level3,26,京都府,与謝郡与謝野町,19402.0,135.0
270008,level1,27,大阪府,-,8771961.0,328128.0
271004,level2,27,大阪府,大阪市,2778917.0,189281.0
271021,level3,27,大阪府,大阪市都島区,106872.0,4624.0
271039,level3,27,大阪府,大阪市福島区,82015.0,2498.0
271047,level3,27,大阪府,大阪市此花区,64155.0,2939.0
271063,level3,27,大阪府,大阪市西区,110826.0,7397.0
271071,level3,27,大阪府,大阪市港区,80247.0,4856.0
271080,level3,27,大阪府,大阪市大正区,61890.0,2553.0
271098,level3,27,大阪府,大阪市天王寺区,84726.0,6448.0
271110,level3,27,大阪府,大阪市浪速区,79032.0,13111.0
271136,level3,27,大阪府,大阪市西淀川区,98386.0,6264.0
271144,level3,27,大阪府,大阪市東淀川区,171844.0,9003.0
271152,level3,27,大阪府,大阪市東成区,86902.0,8585.0
271161,level3,27,大阪府,大阪市生野区,126884.0,29531.0
271179,level3,27,大阪府,大阪市旭区,90613.0,2919.0
271187,level3,27,大阪府,大阪市城東区,170197.0,6490.0
271195,level3,27,大阪府,大阪市阿倍野区,112617.0,5192.0
271209,level3,27,大阪府,大阪市住吉区,152260.0,6225.0
271217,level3,27,大阪府,大阪市東住吉区,133291.0,6174.0
271225,level3,27,大阪府,大阪市西成区,105151.0,15170.0
271233,level3,27,大阪府,大阪市淀川区,184388.0,10381.0
271241,level3,27,大阪府,大阪市鶴見区,111616.0,2426.0
271250,level3,27,大阪府,大阪市住之江区,117229.0,6315.0
271268,level3,27,大阪府,大阪市平野区,187648.0,9737.0
271276,level3,27,大阪府,大阪市北区,141357.0,8091.0
271284,level3,27,大阪府,大阪市中央区,118771.0,12352.0
271403,level2,27,大阪府,堺市,811993.0,19621.0
271411,level3,27,大阪府,堺市堺区,147241.0,6534.0
271420,level3,27,大阪府,堺市中区,118050.0,2150.0
271438,level3,27,大阪府,堺市東区,85994.0,1449.0
271446,level3,27,大阪府,堺市西区,134876.0,2533.0
271454,level3,27,大阪府,堺市南区,132177.0,3396.0
271462,level3,27,大阪府,堺市北区,156441.0,2464.0
271471,level3,27,大阪府,堺市美原区,37214.0,1095.0
272027,level3,27,大阪府,岸和田市,186596.0,4207.0
272035,level3,27,大阪府,豊中市,405955.0,7777.0
272043,level3,27,大阪府,池田市,102636.0,2140.0
272051,level3,27,大阪府,吹田市,384506.0,7414.0
272060,level3,27,大阪府,泉大津市,72762.0,1916.0
272078,level3,27,大阪府,高槻市,345589.0,4761.0
272086,level3,27,大阪府,貝塚市,81420.0,1835.0
272094,level3,27,大阪府,守口市,140923.0,3268.0
272108,level3,27,大阪府,枚方市,392328.0,6387.0
272116,level3,27,大阪府,茨木市,286042.0,5186.0
272124,level3,27,大阪府,八尾市,259158.0,9281.0
272132,level3,27,大阪府,泉佐野市,99318.0,3520.0
272141,level3,27,大阪府,富田林市,105715.0,2419.0
272159,level3,27,大阪府,寝屋川市,224378.0,3842.0
272167,level3,27,大阪府,河内長野市,97912.0,1088.0
272175,level3,27,大阪府,松原市,116259.0,2738.0
272183,level3,27,大阪府,大東市,115687.0,3511.0
272191,level3,27,大阪府,和泉市,182481.0,3673.0
272205,level3,27,大阪府,箕面市,139527.0,3280.0
272213,level3,27,大阪府,柏原市,66500.0,2047.0
272221,level3,27,大阪府,羽曳野市,107406.0,1727.0
272230,level3,27,大阪府,門真市,116179.0,4195.0
272248,level3,27,大阪府,摂津市,86344.0,2115.0
272256,level3,27,大阪府,高石市,55968.0,776.0
272264,level3,27,大阪府,藤井寺市,62304.0,1245.0
272272,level3,27,大阪府,東大阪市,477700.0,22355.0
272281,level3,27,大阪府,泉南市,58145.0,1156.0
272299,level3,27,大阪府,四條畷市,53749.0,778.0
272302,level3,27,大阪府,交野市,77191.0,751.0
272311,level3,27,大阪府,大阪狭山市,57746.0,651.0
272329,level3,27,大阪府,阪南市,50080.0,701.0
273007,level2,27,大阪府,三島郡,32247.0,295.0
273015,level3,27,大阪府,三島郡島本町,32247.0,295.0
273201,level2,27,大阪府,豊能郡,26744.0,249.0
273210,level3,27,大阪府,豊能郡豊能町,17804.0,143.0
273228,level3,27,大阪府,豊能郡能勢町,8940.0,106.0
273406,level2,27,大阪府,泉北郡,16317.0,581.0
273414,level3,27,大阪府,泉北郡忠岡町,16317.0,581.0
273601,level2,27,大阪府,泉南郡,65323.0,993.0
273619,level3,27,大阪府,泉南郡熊取町,42544.0,472.0
273627,level3,27,大阪府,泉南郡田尻町,8484.0,240.0
273660,level3,27,大阪府,泉南郡岬町,14295.0,281.0
273805,level2,27,大阪府,南河内郡,31916.0,368.0
273813,level3,27,大阪府,南河内郡太子町,12673.0,153.0
273821,level3,27,大阪府,南河内郡河南町,14556.0,184.0
273830,level3,27,大阪府,南河内郡千早赤阪村,4687.0,31.0
280003,level1,28,兵庫県,-,5393607.0,140102.0
281000,level2,28,兵庫県,神戸市,1493543.0,59139.0
281018,level3,28,兵庫県,神戸市東灘区,210422.0,8024.0
281026,level3,28,兵庫県,神戸市灘区,132080.0,5031.0
281051,level3,28,兵庫県,神戸市兵庫区,110227.0,8164.0
281069,level3,28,兵庫県,神戸市長田区,94846.0,8437.0
281077,level3,28,兵庫県,神戸市須磨区,154928.0,3716.0
281085,level3,28,兵庫県,神戸市垂水区,210779.0,3178.0
281093,level3,28,兵庫県,神戸市北区,208114.0,3306.0
281107,level3,28,兵庫県,神戸市中央区,140761.0,15125.0
281115,level3,28,兵庫県,神戸市西区,231386.0,4158.0
282014,level3,28,兵庫県,姫路市,523181.0,14081.0
282022,level3,28,兵庫県,尼崎市,457508.0,14255.0
282031,level3,28,兵庫県,明石市,307235.0,4100.0
282049,level3,28,兵庫県,西宮市,480818.0,8887.0
282057,level3,28,兵庫県,洲本市,40767.0,488.0
282065,level3,28,兵庫県,芦屋市,94007.0,2046.0
282073,level3,28,兵庫県,伊丹市,200284.0,3744.0
282081,level3,28,兵庫県,相生市,27058.0,628.0
282090,level3,28,兵庫県,豊岡市,75177.0,1237.0
282103,level3,28,兵庫県,加古川市,257203.0,3899.0
282120,level3,28,兵庫県,赤穂市,44179.0,543.0
282138,level3,28,兵庫県,西脇市,37688.0,803.0
282146,level3,28,兵庫県,宝塚市,227645.0,3316.0
282154,level3,28,兵庫県,三木市,73091.0,2679.0
282162,level3,28,兵庫県,高砂市,86511.0,1510.0
282171,level3,28,兵庫県,川西市,152914.0,1949.0
282189,level3,28,兵庫県,小野市,46825.0,1517.0
282197,level3,28,兵庫県,三田市,106482.0,1489.0
282201,level3,28,兵庫県,加西市,41455.0,1644.0
282219,level3,28,兵庫県,丹波篠山市,39095.0,1089.0
282227,level3,28,兵庫県,養父市,21005.0,146.0
282235,level3,28,兵庫県,丹波市,60033.0,1364.0
282243,level3,28,兵庫県,南あわじ市,43732.0,757.0
282251,level3,28,兵庫県,朝来市,27754.0,469.0
282260,level3,28,兵庫県,淡路市,41364.0,787.0
282278,level3,28,兵庫県,宍粟市,33749.0,364.0
282286,level3,28,兵庫県,加東市,39413.0,1887.0
282294,level3,28,兵庫県,たつの市,72271.0,1090.0
283002,level2,28,兵庫県,川辺郡,28644.0,223.0
283011,level3,28,兵庫県,川辺郡猪名川町,28644.0,223.0
283606,level2,28,兵庫県,多可郡,18605.0,458.0
283657,level3,28,兵庫県,多可郡多可町,18605.0,458.0
283801,level2,28,兵庫県,加古郡,65178.0,1312.0
283819,level3,28,兵庫県,加古郡稲美町,30491.0,710.0
283827,level3,28,兵庫県,加古郡播磨町,34687.0,602.0
284408,level2,28,兵庫県,神崎郡,39377.0,839.0
284424,level3,28,兵庫県,神崎郡市川町,10660.0,168.0
284432,level3,28,兵庫県,神崎郡福崎町,18573.0,559.0
284467,level3,28,兵庫県,神崎郡神河町,10144.0,112.0
284602,level2,28,兵庫県,揖保郡,33414.0,393.0
284645,level3,28,兵庫県,揖保郡太子町,33414.0,393.0
284807,level2,28,兵庫県,赤穂郡,13543.0,246.0
284815,level3,28,兵庫県,赤穂郡上郡町,13543.0,246.0
285005,level2,28,兵庫県,佐用郡,14727.0,298.0
285013,level3,28,兵庫県,佐用郡佐用町,14727.0,298.0
285803,level2,28,兵庫県,美方郡,28132.0,426.0
285854,level3,28,兵庫県,美方郡香美町,15303.0,214.0
285862,level3,28,兵庫県,美方郡新温泉町,12829.0,212.0
290009,level1,29,奈良県,-,1303867.0,18914.0
292010,level3,29,奈良県,奈良市,347187.0,5107.0
292028,level3,29,奈良県,大和高田市,61818.0,1092.0
292036,level3,29,奈良県,大和郡山市,82598.0,1261.0
292044,level3,29,奈良県,天理市,60686.0,1190.0
292052,level3,29,奈良県,橿原市,118556.0,1635.0
292061,level3,29,奈良県,桜井市,54272.0,864.0
292079,level3,29,奈良県,五條市,26900.0,574.0
292087,level3,29,奈良県,御所市,23144.0,521.0
292095,level3,29,奈良県,生駒市,116553.0,1496.0
292109,level3,29,奈良県,香芝市,78324.0,733.0
292117,level3,29,奈良県,葛城市,37794.0,524.0
292125,level3,29,奈良県,宇陀市,26694.0,392.0
293202,level2,29,奈良県,山辺郡,3055.0,39.0
293229,level3,29,奈良県,山辺郡山添村,3055.0,39.0
293407,level2,29,奈良県,生駒郡,75502.0,1116.0
293423,level3,29,奈良県,生駒郡平群町,18142.0,213.0
293431,level3,29,奈良県,生駒郡三郷町,22349.0,293.0
293440,level3,29,奈良県,生駒郡斑鳩町,28036.0,253.0
293458,level3,29,奈良県,生駒郡安堵町,6975.0,357.0
293601,level2,29,奈良県,磯城郡,45787.0,681.0
293610,level3,29,奈良県,磯城郡川西町,7986.0,177.0
293628,level3,29,奈良県,磯城郡三宅町,6422.0,114.0
293636,level3,29,奈良県,磯城郡田原本町,31379.0,390.0
293806,level2,29,奈良県,宇陀郡,2617.0,28.0
293857,level3,29,奈良県,宇陀郡曽爾村,1270.0,17.0
293865,level3,29,奈良県,宇陀郡御杖村,1347.0,11.0
294004,level2,29,奈良県,高市郡,11094.0,52.0
294012,level3,29,奈良県,高市郡高取町,6045.0,23.0
294021,level3,29,奈良県,高市郡明日香村,5049.0,29.0
294209,level2,29,奈良県,北葛城郡,96485.0,1017.0
294241,level3,29,奈良県,北葛城郡上牧町,21157.0,295.0
294250,level3,29,奈良県,北葛城郡王寺町,23694.0,248.0
294268,level3,29,奈良県,北葛城郡広陵町,35020.0,303.0
294276,level3,29,奈良県,北葛城郡河合町,16614.0,171.0
294403,level2,29,奈良県,吉野郡,34801.0,592.0
294411,level3,29,奈良県,吉野郡吉野町,5834.0,75.0
294420,level3,29,奈良県,吉野郡大淀町,15797.0,380.0
294438,level3,29,奈良県,吉野郡下市町,4405.0,18.0
294446,level3,29,奈良県,吉野郡黒滝村,589.0,8.0
294462,level3,29,奈良県,吉野郡天川村,1194.0,10.0
294471,level3,29,奈良県,吉野郡野迫川村,322.0,11.0
294497,level3,29,奈良県,吉野郡十津川村,2757.0,24.0
294501,level3,29,奈良県,吉野郡下北山村,796.0,12.0
294519,level3,29,奈良県,吉野郡上北山村,421.0,2.0
294527,level3,29,奈良県,吉野郡川上村,1188.0,16.0
294535,level3,29,奈良県,吉野郡東吉野村,1498.0,36.0
300004,level1,30,和歌山県,-,901193.0,10032.0
302015,level3,30,和歌山県,和歌山市,352941.0,4571.0
302023,level3,30,和歌山県,海南市,46492.0,297.0
302031,level3,30,和歌山県,橋本市,58792.0,634.0
302040,level3,30,和歌山県,有田市,25230.0,198.0
302058,level3,30,和歌山県,御坊市,21074.0,319.0
302066,level3,30,和歌山県,田辺市,67316.0,432.0
302074,level3,30,和歌山県,新宮市,25822.0,259.0
302082,level3,30,和歌山県,紀の川市,58920.0,607.0
302091,level3,30,和歌山県,岩出市,53900.0,716.0
303003,level2,30,和歌山県,海草郡,7711.0,67.0
303046,level3,30,和歌山県,海草郡紀美野町,7711.0,67.0
303402,level2,30,和歌山県,伊都郡,21664.0,205.0
303411,level3,30,和歌山県,伊都郡かつらぎ町,15299.0,135.0
303437,level3,30,和歌山県,伊都郡九度山町,3760.0,7.0
303445,level3,30,和歌山県,伊都郡高野町,2605.0,63.0
303607,level2,30,和歌山県,有田郡,42088.0,280.0
303615,level3,30,和歌山県,有田郡湯浅町,10731.0,88.0
303623,level3,30,和歌山県,有田郡広川町,6403.0,68.0
303666,level3,30,和歌山県,有田郡有田川町,24954.0,124.0
303801,level2,30,和歌山県,日高郡,47426.0,466.0
303810,level3,30,和歌山県,日高郡美浜町,6324.0,52.0
303828,level3,30,和歌山県,日高郡日高町,7953.0,43.0
303836,level3,30,和歌山県,日高郡由良町,5035.0,54.0
303909,level3,30,和歌山県,日高郡印南町,7636.0,100.0
303917,level3,30,和歌山県,日高郡みなべ町,11516.0,150.0
303925,level3,30,和歌山県,日高郡日高川町,8962.0,67.0
304000,level2,30,和歌山県,西牟婁郡,38907.0,628.0
304018,level3,30,和歌山県,西牟婁郡白浜町,19753.0,519.0
304042,level3,30,和歌山県,西牟婁郡上富田町,15683.0,76.0
304069,level3,30,和歌山県,西牟婁郡すさみ町,3471.0,33.0
304204,level2,30,和歌山県,東牟婁郡,32910.0,353.0
304212,level3,30,和歌山県,東牟婁郡那智勝浦町,13468.0,186.0
304221,level3,30,和歌山県,東牟婁郡太地町,2834.0,23.0
304247,level3,30,和歌山県,東牟婁郡古座川町,2302.0,38.0
304271,level3,30,和歌山県,東牟婁郡北山村,382.0,2.0
304280,level3,30,和歌山県,東牟婁郡串本町,13924.0,104.0
310000,level1,31,鳥取県,-,534003.0,6005.0
312011,level3,31,鳥取県,鳥取市,179215.0,1869.0
312029,level3,31,鳥取県,米子市,144056.0,1730.0
312037,level3,31,鳥取県,倉吉市,43663.0,404.0
312045,level3,31,鳥取県,境港市,32469.0,682.0
313009,level2,31,鳥取県,岩美郡,10769.0,158.0
313025,level3,31,鳥取県,岩美郡岩美町,10769.0,158.0
313203,level2,31,鳥取県,八頭郡,24288.0,199.0
313254,level3,31,鳥取県,八頭郡若桜町,2671.0,32.0
313289,level3,31,鳥取県,八頭郡智頭町,6129.0,109.0
313297,level3,31,鳥取県,八頭郡八頭町,15488.0,58.0
313602,level2,31,鳥取県,東伯郡,51918.0,558.0
313645,level3,31,鳥取県,東伯郡三朝町,5788.0,75.0
313700,level3,31,鳥取県,東伯郡湯梨浜町,16219.0,87.0
313718,level3,31,鳥取県,東伯郡琴浦町,15784.0,283.0
313726,level3,31,鳥取県,東伯郡北栄町,14127.0,113.0
313807,level2,31,鳥取県,西伯郡,38646.0,339.0
313840,level3,31,鳥取県,西伯郡日吉津村,3616.0,31.0
313866,level3,31,鳥取県,西伯郡大山町,14786.0,153.0
313891,level3,31,鳥取県,西伯郡南部町,10099.0,99.0
313904,level3,31,鳥取県,西伯郡伯耆町,10145.0,56.0
314005,level2,31,鳥取県,日野郡,8979.0,66.0
314013,level3,31,鳥取県,日野郡日南町,3865.0,20.0
314021,level3,31,鳥取県,日野郡日野町,2635.0,26.0
314030,level3,31,鳥取県,日野郡江府町,2479.0,20.0
320005,level1,32,島根県,-,642590.0,10455.0
322016,level3,32,島根県,松江市,194313.0,2070.0
322024,level3,32,島根県,浜田市,48576.0,713.0
322032,level3,32,島根県,出雲市,172327.0,4955.0
322041,level3,32,島根県,益田市,42986.0,515.0
322059,level3,32,島根県,大田市,31475.0,501.0
322067,level3,32,島根県,安来市,35112.0,266.0
322075,level3,32,島根県,江津市,21202.0,361.0
322091,level3,32,島根県,雲南市,34426.0,275.0
323403,level2,32,島根県,仁多郡,11077.0,157.0
323438,level3,32,島根県,仁多郡奥出雲町,11077.0,157.0
323802,level2,32,島根県,飯石郡,4355.0,53.0
323861,level3,32,島根県,飯石郡飯南町,4355.0,53.0
324400,level2,32,島根県,邑智郡,16483.0,172.0
324418,level3,32,島根県,邑智郡川本町,2982.0,42.0
324485,level3,32,島根県,邑智郡美郷町,4034.0,30.0
324493,level3,32,島根県,邑智郡邑南町,9467.0,100.0
325007,level2,32,島根県,鹿足郡,11944.0,268.0
325015,level3,32,島根県,鹿足郡津和野町,6373.0,68.0
325058,level3,32,島根県,鹿足郡吉賀町,5571.0,200.0
325201,level2,32,島根県,隠岐郡,18314.0,149.0
325252,level3,32,島根県,隠岐郡海士町,2209.0,23.0
325261,level3,32,島根県,隠岐郡西ノ島町,2495.0,29.0
325279,level3,32,島根県,隠岐郡知夫村,574.0,6.0
325287,level3,32,島根県,隠岐郡隠岐の島町,13036.0,91.0
330001,level1,33,岡山県,-,1835478.0,38118.0
331007,level2,33,岡山県,岡山市,695690.0,16620.0
331015,level3,33,岡山県,岡山市北区,294198.0,8870.0
331023,level3,33,岡山県,岡山市中区,145840.0,2653.0
331031,level3,33,岡山県,岡山市東区,91180.0,2008.0
331040,level3,33,岡山県,岡山市南区,164472.0,3089.0
332020,level3,33,岡山県,倉敷市,473670.0,8532.0
332038,level3,33,岡山県,津山市,95030.0,1341.0
332046,level3,33,岡山県,玉野市,54130.0,869.0
332054,level3,33,岡山県,笠岡市,44030.0,972.0
332071,level3,33,岡山県,井原市,36670.0,676.0
332089,level3,33,岡山県,総社市,69625.0,1943.0
332097,level3,33,岡山県,高梁市,26020.0,941.0
332101,level3,33,岡山県,新見市,25939.0,416.0
332119,level3,33,岡山県,備前市,30816.0,849.0
332127,level3,33,岡山県,瀬戸内市,36160.0,810.0
332135,level3,33,岡山県,赤磐市,42490.0,640.0
332143,level3,33,岡山県,真庭市,40778.0,483.0
332151,level3,33,岡山県,美作市,24886.0,626.0
332160,level3,33,岡山県,浅口市,32525.0,462.0
333409,level2,33,岡山県,和気郡,12871.0,351.0
333468,level3,33,岡山県,和気郡和気町,12871.0,351.0
334201,level2,33,岡山県,都窪郡,12748.0,100.0
334235,level3,33,岡山県,都窪郡早島町,12748.0,100.0
334405,level2,33,岡山県,浅口郡,10883.0,177.0
334456,level3,33,岡山県,浅口郡里庄町,10883.0,177.0
334600,level2,33,岡山県,小田郡,13101.0,400.0
334618,level3,33,岡山県,小田郡矢掛町,13101.0,400.0
335801,level2,33,岡山県,真庭郡,793.0,16.0
335860,level3,33,岡山県,真庭郡新庄村,793.0,16.0
336009,level2,33,岡山県,苫田郡,12017.0,162.0
336068,level3,33,岡山県,苫田郡鏡野町,12017.0,162.0
336203,level2,33,岡山県,勝田郡,16252.0,210.0
336220,level3,33,岡山県,勝田郡勝央町,10737.0,132.0
336238,level3,33,岡山県,勝田郡奈義町,5515.0,78.0
336408,level2,33,岡山県,英田郡,1331.0,7.0
336432,level3,33,岡山県,英田郡西粟倉村,1331.0,7.0
336602,level2,33,岡山県,久米郡,16828.0,208.0
336637,level3,33,岡山県,久米郡久米南町,4290.0,48.0
336661,level3,33,岡山県,久米郡美咲町,12538.0,160.0
336807,level2,33,岡山県,加賀郡,10195.0,307.0
336815,level3,33,岡山県,加賀郡吉備中央町,10195.0,307.0
340006,level1,34,広島県,-,2728771.0,66260.0
341002,level2,34,広島県,広島市,1173543.0,23070.0
341011,level3,34,広島県,広島市中区,137102.0,5153.0
341029,level3,34,広島県,広島市東区,117089.0,2128.0
341037,level3,34,広島県,広島市南区,140221.0,2437.0
341045,level3,34,広島県,広島市西区,184899.0,4567.0
341053,level3,34,広島県,広島市安佐南区,242704.0,2860.0
341061,level3,34,広島県,広島市安佐北区,136745.0,2625.0
341070,level3,34,広島県,広島市安芸区,75166.0,1741.0
341088,level3,34,広島県,広島市佐伯区,139617.0,1559.0
342025,level3,34,広島県,呉市,201242.0,3957.0
342033,level3,34,広島県,竹原市,22557.0,370.0
342041,level3,34,広島県,三原市,87075.0,3092.0
342050,level3,34,広島県,尾道市,126396.0,4144.0
342076,level3,34,広島県,福山市,455028.0,11807.0
342084,level3,34,広島県,府中市,35105.0,745.0
342092,level3,34,広島県,三次市,47904.0,867.0
342106,level3,34,広島県,庄原市,31198.0,570.0
342114,level3,34,広島県,大竹市,25353.0,457.0
342122,level3,34,広島県,東広島市,190911.0,9459.0
342131,level3,34,広島県,廿日市市,115451.0,1872.0
342149,level3,34,広島県,安芸高田市,26041.0,1130.0
342157,level3,34,広島県,江田島市,20690.0,985.0
343005,level2,34,広島県,安芸郡,118857.0,2139.0
343021,level3,34,広島県,安芸郡府中町,52074.0,688.0
343048,level3,34,広島県,安芸郡海田町,30810.0,937.0
343072,level3,34,広島県,安芸郡熊野町,23475.0,282.0
343099,level3,34,広島県,安芸郡坂町,12498.0,232.0
343609,level2,34,広島県,山県郡,22320.0,757.0
343684,level3,34,広島県,山県郡安芸太田町,5367.0,78.0
343692,level3,34,広島県,山県郡北広島町,16953.0,679.0
344206,level2,34,広島県,豊田郡,6779.0,293.0
344311,level3,34,広島県,豊田郡大崎上島町,6779.0,293.0
344605,level2,34,広島県,世羅郡,14519.0,391.0
344621,level3,34,広島県,世羅郡世羅町,14519.0,391.0
345407,level2,34,広島県,神石郡,7802.0,155.0
345458,level3,34,広島県,神石郡神石高原町,7802.0,155.0
350001,level1,35,山口県,-,1292956.0,21195.0
352012,level3,35,山口県,下関市,243422.0,5234.0
352021,level3,35,山口県,宇部市,156438.0,2514.0
352039,level3,35,山口県,山口市,185982.0,2525.0
352047,level3,35,山口県,萩市,41637.0,481.0
352063,level3,35,山口県,防府市,113144.0,2083.0
352071,level3,35,山口県,下松市,56637.0,842.0
352080,level3,35,山口県,岩国市,124568.0,2521.0
352101,level3,35,山口県,光市,48015.0,541.0
352110,level3,35,山口県,長門市,30207.0,558.0
352128,level3,35,山口県,柳井市,29233.0,279.0
352136,level3,35,山口県,美祢市,20921.0,253.0
352152,level3,35,山口県,周南市,134733.0,1959.0
352161,level3,35,山口県,山陽小野田市,58871.0,923.0
353001,level2,35,山口県,大島郡,13537.0,127.0
353051,level3,35,山口県,大島郡周防大島町,13537.0,127.0
353205,level2,35,山口県,玖珂郡,5695.0,91.0
353213,level3,35,山口県,玖珂郡和木町,5695.0,91.0
353400,level2,35,山口県,熊毛郡,26971.0,235.0
353418,level3,35,山口県,熊毛郡上関町,2190.0,4.0
353434,level3,35,山口県,熊毛郡田布施町,14033.0,88.0
353442,level3,35,山口県,熊毛郡平生町,10748.0,143.0
355003,level2,35,山口県,阿武郡,2945.0,29.0
355020,level3,35,山口県,阿武郡阿武町,2945.0,29.0
360007,level1,36,徳島県,-,700409.0,8769.0
362018,level3,36,徳島県,徳島市,244830.0,3032.0
362026,level3,36,徳島県,鳴門市,53240.0,660.0
362034,level3,36,徳島県,小松島市,34604.0,321.0
362042,level3,36,徳島県,阿南市,67946.0,443.0
362051,level3,36,徳島県,吉野川市,37558.0,571.0
362069,level3,36,徳島県,阿波市,34188.0,577.0
362077,level3,36,徳島県,美馬市,26264.0,583.0
362085,level3,36,徳島県,三好市,22225.0,303.0
363006,level2,36,徳島県,勝浦郡,5907.0,51.0
363014,level3,36,徳島県,勝浦郡勝浦町,4570.0,39.0
363022,level3,36,徳島県,勝浦郡上勝町,1337.0,12.0
363201,level2,36,徳島県,名東郡,2106.0,16.0
363219,level3,36,徳島県,名東郡佐那河内村,2106.0,16.0
363405,level2,36,徳島県,名西郡,29240.0,393.0
363413,level3,36,徳島県,名西郡石井町,24567.0,317.0
363421,level3,36,徳島県,名西郡神山町,4673.0,76.0
363600,level2,36,徳島県,那賀郡,7060.0,36.0
363685,level3,36,徳島県,那賀郡那賀町,7060.0,36.0
363804,level2,36,徳島県,海部郡,17334.0,335.0
363839,level3,36,徳島県,海部郡牟岐町,3424.0,35.0
363871,level3,36,徳島県,海部郡美波町,5711.0,74.0
363880,level3,36,徳島県,海部郡海陽町,8199.0,226.0
364002,level2,36,徳島県,板野郡,97310.0,1266.0
364011,level3,36,徳島県,板野郡松茂町,14356.0,234.0
364029,level3,36,徳島県,板野郡北島町,23682.0,206.0
364037,level3,36,徳島県,板野郡藍住町,35320.0,399.0
364045,level3,36,徳島県,板野郡板野町,12812.0,232.0
364053,level3,36,徳島県,板野郡上板町,11140.0,195.0
364606,level2,36,徳島県,美馬郡,7392.0,42.0
364681,level3,36,徳島県,美馬郡つるぎ町,7392.0,42.0
364801,level2,36,徳島県,三好郡,13205.0,140.0
364894,level3,36,徳島県,三好郡東みよし町,13205.0,140.0
370002,level1,37,香川県,-,939965.0,19326.0
372013,level3,37,香川県,高松市,417660.0,6753.0
372021,level3,37,香川県,丸亀市,110803.0,2892.0
372030,level3,37,香川県,坂出市,49575.0,1462.0
372048,level3,37,香川県,善通寺市,29891.0,416.0
372056,level3,37,香川県,観音寺市,56361.0,1455.0
372064,level3,37,香川県,さぬき市,44348.0,714.0
372072,level3,37,香川県,東かがわ市,27353.0,375.0
372081,level3,37,香川県,三豊市,60480.0,1368.0
373206,level2,37,香川県,小豆郡,25441.0,361.0
373222,level3,37,香川県,小豆郡土庄町,12384.0,134.0
373249,level3,37,香川県,小豆郡小豆島町,13057.0,227.0
373401,level2,37,香川県,木田郡,26877.0,321.0
373419,level3,37,香川県,木田郡三木町,26877.0,321.0
373605,level2,37,香川県,香川郡,2896.0,79.0
373648,level3,37,香川県,香川郡直島町,2896.0,79.0
373800,level2,37,香川県,綾歌郡,41211.0,1355.0
373869,level3,37,香川県,綾歌郡宇多津町,18305.0,867.0
373877,level3,37,香川県,綾歌郡綾川町,22906.0,488.0
374008,level2,37,香川県,仲多度郡,47069.0,1775.0
374032,level3,37,香川県,仲多度郡琴平町,8140.0,292.0
374041,level3,37,香川県,仲多度郡多度津町,21813.0,1222.0
374067,level3,37,香川県,仲多度郡まんのう町,17116.0,261.0
380008,level1,38,愛媛県,-,1296359.0,18296.0
382019,level3,38,愛媛県,松山市,496666.0,5028.0
382027,level3,38,愛媛県,今治市,147702.0,4283.0
382035,level3,38,愛媛県,宇和島市,66981.0,706.0
382043,level3,38,愛媛県,八幡浜市,30019.0,516.0
382051,level3,38,愛媛県,新居浜市,112724.0,1785.0
382060,level3,38,愛媛県,西条市,103413.0,2007.0
382078,level3,38,愛媛県,大洲市,39040.0,419.0
382108,level3,38,愛媛県,伊予市,35173.0,289.0
382132,level3,38,愛媛県,四国中央市,80965.0,1172.0
382141,level3,38,愛媛県,西予市,33721.0,393.0
382159,level3,38,愛媛県,東温市,32959.0,387.0
383406,level2,38,愛媛県,越智郡,6085.0,299.0
383562,level3,38,愛媛県,越智郡上島町,6085.0,299.0
383805,level2,38,愛媛県,上浮穴郡,6889.0,35.0
383864,level3,38,愛媛県,上浮穴郡久万高原町,6889.0,35.0
384003,level2,38,愛媛県,伊予郡,50385.0,464.0
384011,level3,38,愛媛県,伊予郡松前町,30195.0,364.0
384020,level3,38,愛媛県,伊予郡砥部町,20190.0,100.0
384208,level2,38,愛媛県,喜多郡,14708.0,86.0
384224,level3,38,愛媛県,喜多郡内子町,14708.0,86.0
384402,level2,38,愛媛県,西宇和郡,7764.0,102.0
384429,level3,38,愛媛県,西宇和郡伊方町,7764.0,102.0
384801,level2,38,愛媛県,北宇和郡,12592.0,156.0
384844,level3,38,愛媛県,北宇和郡松野町,3484.0,56.0
384887,level3,38,愛媛県,北宇和郡鬼北町,9108.0,100.0
385000,level2,38,愛媛県,南宇和郡,18573.0,169.0
385069,level3,38,愛媛県,南宇和郡愛南町,18573.0,169.0
390003,level1,39,高知県,-,664863.0,6661.0
392014,level3,39,高知県,高知市,312228.0,2360.0
392022,level3,39,高知県,室戸市,11273.0,119.0
392031,level3,39,高知県,安芸市,15555.0,138.0
392049,level3,39,高知県,南国市,45979.0,540.0
392057,level3,39,高知県,土佐市,25646.0,488.0
392065,level3,39,高知県,須崎市,19325.0,559.0
392081,level3,39,高知県,宿毛市,18394.0,147.0
392090,level3,39,高知県,土佐清水市,11591.0,133.0
392103,level3,39,高知県,四万十市,31424.0,154.0
392111,level3,39,高知県,香南市,32585.0,495.0
392120,level3,39,高知県,香美市,24667.0,471.0
393002,level2,39,高知県,安芸郡,15114.0,260.0
393011,level3,39,高知県,安芸郡東洋町,2059.0,15.0
393029,level3,39,高知県,安芸郡奈半利町,2858.0,36.0
393037,level3,39,高知県,安芸郡田野町,2419.0,16.0
393045,level3,39,高知県,安芸郡安田町,2269.0,16.0
393053,level3,39,高知県,安芸郡北川村,1177.0,21.0
393061,level3,39,高知県,安芸郡馬路村,762.0,11.0
393070,level3,39,高知県,安芸郡芸西村,3570.0,145.0
393401,level2,39,高知県,長岡郡,6086.0,92.0
393410,level3,39,高知県,長岡郡本山町,3125.0,40.0
393444,level3,39,高知県,長岡郡大豊町,2961.0,52.0
393606,level2,39,高知県,土佐郡,3843.0,54.0
393631,level3,39,高知県,土佐郡土佐町,3488.0,46.0
393649,level3,39,高知県,土佐郡大川村,355.0,8.0
393801,level2,39,高知県,吾川郡,25288.0,94.0
393860,level3,39,高知県,吾川郡いの町,20829.0,45.0
393878,level3,39,高知県,吾川郡仁淀川町,4459.0,49.0
394009,level2,39,高知県,高岡郡,50307.0,382.0
394017,level3,39,高知県,高岡郡中土佐町,5774.0,50.0
394025,level3,39,高知県,高岡郡佐川町,11805.0,101.0
394033,level3,39,高知県,高岡郡越知町,4811.0,22.0
394050,level3,39,高知県,高岡郡檮原町,3084.0,18.0
394106,level3,39,高知県,高岡郡日高村,4704.0,32.0
394114,level3,39,高知県,高岡郡津野町,5184.0,31.0
394122,level3,39,高知県,高岡郡四万十町,14945.0,128.0
394203,level2,39,高知県,幡多郡,15558.0,175.0
394246,level3,39,高知県,幡多郡大月町,4348.0,56.0
394271,level3,39,高知県,幡多郡三原村,1355.0,15.0
394289,level3,39,高知県,幡多郡黒潮町,9855.0,104.0
400009,level1,40,福岡県,-,5086957.0,111461.0
401005,level2,40,福岡県,北九州市,913577.0,17328.0
401013,level3,40,福岡県,北九州市門司区,91037.0,1301.0
401030,level3,40,福岡県,北九州市若松区,79060.0,1786.0
401056,level3,40,福岡県,北九州市戸畑区,54471.0,858.0
401064,level3,40,福岡県,北九州市小倉北区,177556.0,5766.0
401072,level3,40,福岡県,北九州市小倉南区,204206.0,2130.0
401081,level3,40,福岡県,北九州市八幡東区,62265.0,1274.0
401099,level3,40,福岡県,北九州市八幡西区,244982.0,4213.0
401307,level2,40,福岡県,福岡市,1608140.0,51728.0
401315,level3,40,福岡県,福岡市東区,330429.0,14151.0
401323,level3,40,福岡県,福岡市博多区,245867.0,12873.0
401331,level3,40,福岡県,福岡市中央区,201392.0,6654.0
401340,level3,40,福岡県,福岡市南区,270351.0,7881.0
401358,level3,40,福岡県,福岡市西区,209184.0,4613.0
401366,level3,40,福岡県,福岡市城南区,127389.0,1740.0
401374,level3,40,福岡県,福岡市早良区,223528.0,3816.0
402028,level3,40,福岡県,大牟田市,104688.0,1013.0
402036,level3,40,福岡県,久留米市,300199.0,6168.0
402044,level3,40,福岡県,直方市,54838.0,882.0
402052,level3,40,福岡県,飯塚市,124118.0,1980.0
402061,level3,40,福岡県,田川市,44839.0,1197.0
402079,level3,40,福岡県,柳川市,61536.0,863.0
402109,level3,40,福岡県,八女市,59544.0,958.0
402117,level3,40,福岡県,筑後市,49134.0,752.0
402125,level3,40,福岡県,大川市,31147.0,511.0
402133,level3,40,福岡県,行橋市,72254.0,1077.0
402141,level3,40,福岡県,豊前市,23322.0,496.0
402150,level3,40,福岡県,中間市,39014.0,452.0
402168,level3,40,福岡県,小郡市,59509.0,1753.0
402176,level3,40,福岡県,筑紫野市,106375.0,969.0
402184,level3,40,福岡県,春日市,111919.0,1447.0
402192,level3,40,福岡県,大野城市,103537.0,1301.0
402206,level3,40,福岡県,宗像市,96869.0,1196.0
402214,level3,40,福岡県,太宰府市,71566.0,676.0
402231,level3,40,福岡県,古賀市,59184.0,1343.0
402249,level3,40,福岡県,福津市,69201.0,651.0
402257,level3,40,福岡県,うきは市,27382.0,469.0
402265,level3,40,福岡県,宮若市,26092.0,895.0
402273,level3,40,福岡県,嘉麻市,34143.0,397.0
402281,level3,40,福岡県,朝倉市,50024.0,1184.0
402290,level3,40,福岡県,みやま市,34291.0,418.0
402303,level3,40,福岡県,糸島市,104175.0,2031.0
402311,level3,40,福岡県,那珂川市,49435.0,467.0
403407,level2,40,福岡県,糟屋郡,234937.0,4360.0
403415,level3,40,福岡県,糟屋郡宇美町,36878.0,712.0
403423,level3,40,福岡県,糟屋郡篠栗町,31261.0,348.0
403431,level3,40,福岡県,糟屋郡志免町,46379.0,907.0
403440,level3,40,福岡県,糟屋郡須惠町,29307.0,467.0
403458,level3,40,福岡県,糟屋郡新宮町,32979.0,585.0
403482,level3,40,福岡県,糟屋郡久山町,9410.0,317.0
403491,level3,40,福岡県,糟屋郡粕屋町,48723.0,1024.0
403806,level2,40,福岡県,遠賀郡,90619.0,1237.0
403814,level3,40,福岡県,遠賀郡芦屋町,12728.0,130.0
403822,level3,40,福岡県,遠賀郡水巻町,27531.0,491.0
403831,level3,40,福岡県,遠賀郡岡垣町,31460.0,313.0
403849,level3,40,福岡県,遠賀郡遠賀町,18900.0,303.0
404004,level2,40,福岡県,鞍手郡,21664.0,544.0
404012,level3,40,福岡県,鞍手郡小竹町,6890.0,245.0
404021,level3,40,福岡県,鞍手郡鞍手町,14774.0,299.0
404209,level2,40,福岡県,嘉穂郡,12738.0,194.0
404217,level3,40,福岡県,嘉穂郡桂川町,12738.0,194.0
404403,level2,40,福岡県,朝倉郡,32567.0,479.0
404471,level3,40,福岡県,朝倉郡筑前町,30805.0,460.0
404489,level3,40,福岡県,朝倉郡東峰村,1762.0,19.0
405001,level2,40,福岡県,三井郡,16121.0,636.0
405035,level3,40,福岡県,三井郡大刀洗町,16121.0,636.0
405205,level2,40,福岡県,三潴郡,13653.0,226.0
405221,level3,40,福岡県,三潴郡大木町,13653.0,226.0
405400,level2,40,福岡県,八女郡,19141.0,481.0
405442,level3,40,福岡県,八女郡広川町,19141.0,481.0
406007,level2,40,福岡県,田川郡,70114.0,650.0
406015,level3,40,福岡県,田川郡香春町,9962.0,74.0
406023,level3,40,福岡県,田川郡添田町,8311.0,30.0
406040,level3,40,福岡県,田川郡糸田町,8269.0,99.0
406058,level3,40,福岡県,田川郡川崎町,14804.0,140.0
406082,level3,40,福岡県,田川郡大任町,5037.0,34.0
406091,level3,40,福岡県,田川郡赤村,2843.0,6.0
406104,level3,40,福岡県,田川郡福智町,20888.0,267.0
406201,level2,40,福岡県,京都郡,55263.0,1705.0
406210,level3,40,福岡県,京都郡苅田町,37553.0,1498.0
406252,level3,40,福岡県,京都郡みやこ町,17710.0,207.0
406406,level2,40,福岡県,築上郡,30088.0,347.0
406422,level3,40,福岡県,築上郡吉富町,6512.0,100.0
406465,level3,40,福岡県,築上郡上毛町,7142.0,51.0
406473,level3,40,福岡県,築上郡築上町,16434.0,196.0
410004,level1,41,佐賀県,-,794252.0,11175.0
412015,level3,41,佐賀県,佐賀市,226481.0,2913.0
412023,level3,41,佐賀県,唐津市,113890.0,1169.0
412031,level3,41,佐賀県,鳥栖市,74529.0,2166.0
412040,level3,41,佐賀県,多久市,17604.0,294.0
412058,level3,41,佐賀県,伊万里市,51664.0,930.0
412066,level3,41,佐賀県,武雄市,46972.0,371.0
412074,level3,41,佐賀県,鹿島市,27242.0,267.0
412082,level3,41,佐賀県,小城市,44063.0,379.0
412091,level3,41,佐賀県,嬉野市,24446.0,276.0
412104,level3,41,佐賀県,神埼市,30185.0,327.0
413208,level2,41,佐賀県,神埼郡,16162.0,335.0
413275,level3,41,佐賀県,神埼郡吉野ヶ里町,16162.0,335.0
413402,level2,41,佐賀県,三養基郡,53208.0,937.0
413411,level3,41,佐賀県,三養基郡基山町,17565.0,441.0
413453,level3,41,佐賀県,三養基郡上峰町,9870.0,150.0
413461,level3,41,佐賀県,三養基郡みやき町,25773.0,346.0
413801,level2,41,佐賀県,東松浦郡,4825.0,17.0
413879,level3,41,佐賀県,東松浦郡玄海町,4825.0,17.0
414000,level2,41,佐賀県,西松浦郡,18539.0,231.0
414018,level3,41,佐賀県,西松浦郡有田町,18539.0,231.0
414204,level2,41,佐賀県,杵島郡,36568.0,463.0
414239,level3,41,佐賀県,杵島郡大町町,5941.0,43.0
414247,level3,41,佐賀県,杵島郡江北町,9617.0,100.0
414255,level3,41,佐賀県,杵島郡白石町,21010.0,320.0
414409,level2,41,佐賀県,藤津郡,7874.0,100.0
414417,level3,41,佐賀県,藤津郡太良町,7874.0,100.0
420000,level1,42,長崎県,-,1274371.0,15434.0
422011,level3,42,長崎県,長崎市,390551.0,4909.0
422029,level3,42,長崎県,佐世保市,233507.0,2597.0
422037,level3,42,長崎県,島原市,42044.0,771.0
422045,level3,42,長崎県,諫早市,133479.0,1429.0
422053,level3,42,長崎県,大村市,99694.0,772.0
422070,level3,42,長崎県,平戸市,27908.0,268.0
422088,level3,42,長崎県,松浦市,20439.0,335.0
422096,level3,42,長崎県,対馬市,27102.0,363.0
422100,level3,42,長崎県,壱岐市,23736.0,109.0
422118,level3,42,長崎県,五島市,33739.0,401.0
422126,level3,42,長崎県,西海市,24973.0,865.0
422134,level3,42,長崎県,雲仙市,40724.0,945.0
422142,level3,42,長崎県,南島原市,40640.0,499.0
423009,level2,42,長崎県,西彼杵郡,68719.0,609.0
423076,level3,42,長崎県,西彼杵郡長与町,39479.0,201.0
423084,level3,42,長崎県,西彼杵郡時津町,29240.0,408.0
423203,level2,42,長崎県,東彼杵郡,34407.0,284.0
423211,level3,42,長崎県,東彼杵郡東彼杵町,7348.0,88.0
423220,level3,42,長崎県,東彼杵郡川棚町,12948.0,115.0
423238,level3,42,長崎県,東彼杵郡波佐見町,14111.0,81.0
423807,level2,42,長崎県,北松浦郡,16027.0,109.0
423831,level3,42,長崎県,北松浦郡小値賀町,2115.0,18.0
423912,level3,42,長崎県,北松浦郡佐々町,13912.0,91.0
424005,level2,42,長崎県,南松浦郡,16682.0,169.0
424111,level3,42,長崎県,南松浦郡新上五島町,16682.0,169.0
430005,level1,43,熊本県,-,1716360.0,28883.0
431001,level2,43,熊本県,熊本市,731331.0,10617.0
431010,level3,43,熊本県,熊本市中央区,176575.0,3940.0
431028,level3,43,熊本県,熊本市東区,191055.0,2264.0
431036,level3,43,熊本県,熊本市西区,90147.0,1093.0
431044,level3,43,熊本県,熊本市南区,133843.0,1338.0
431052,level3,43,熊本県,熊本市北区,139711.0,1982.0
432024,level3,43,熊本県,八代市,120023.0,3996.0
432032,level3,43,熊本県,人吉市,29742.0,384.0
432041,level3,43,熊本県,荒尾市,49036.0,450.0
432059,level3,43,熊本県,水俣市,21639.0,166.0
432067,level3,43,熊本県,玉名市,62582.0,1393.0
432083,level3,43,熊本県,山鹿市,48002.0,557.0
432105,level3,43,熊本県,菊池市,46599.0,1435.0
432113,level3,43,熊本県,宇土市,36143.0,435.0
432121,level3,43,熊本県,上天草市,23592.0,186.0
432130,level3,43,熊本県,宇城市,56356.0,976.0
432148,level3,43,熊本県,阿蘇市,24170.0,804.0
432156,level3,43,熊本県,天草市,71920.0,625.0
432164,level3,43,熊本県,合志市,65160.0,718.0
433403,level2,43,熊本県,下益城郡,8632.0,119.0
433489,level3,43,熊本県,下益城郡美里町,8632.0,119.0
433608,level2,43,熊本県,玉名郡,38042.0,1203.0
433641,level3,43,熊本県,玉名郡玉東町,5158.0,62.0
433675,level3,43,熊本県,玉名郡南関町,8657.0,256.0
433683,level3,43,熊本県,玉名郡長洲町,15220.0,785.0
433691,level3,43,熊本県,玉名郡和水町,9007.0,100.0
434001,level2,43,熊本県,菊池郡,80104.0,2091.0
434035,level3,43,熊本県,菊池郡大津町,36343.0,1059.0
434043,level3,43,熊本県,菊池郡菊陽町,43761.0,1032.0
434205,level2,43,熊本県,阿蘇郡,34383.0,899.0
434230,level3,43,熊本県,阿蘇郡南小国町,3804.0,211.0
434248,level3,43,熊本県,阿蘇郡小国町,6295.0,95.0
434256,level3,43,熊本県,阿蘇郡産山村,1361.0,62.0
434281,level3,43,熊本県,阿蘇郡高森町,5823.0,148.0
434329,level3,43,熊本県,阿蘇郡西原村,7074.0,195.0
434337,level3,43,熊本県,阿蘇郡南阿蘇村,10026.0,188.0
434400,level2,43,熊本県,上益城郡,84466.0,903.0
434418,level3,43,熊本県,上益城郡御船町,17270.0,177.0
434426,level3,43,熊本県,上益城郡嘉島町,10254.0,176.0
434434,level3,43,熊本県,上益城郡益城町,34107.0,222.0
434442,level3,43,熊本県,上益城郡甲佐町,9948.0,141.0
434477,level3,43,熊本県,上益城郡山都町,12887.0,187.0
434604,level2,43,熊本県,八代郡,10742.0,274.0
434680,level3,43,熊本県,八代郡氷川町,10742.0,274.0
434809,level2,43,熊本県,葦北郡,18984.0,92.0
434825,level3,43,熊本県,葦北郡芦北町,14877.0,78.0
434841,level3,43,熊本県,葦北郡津奈木町,4107.0,14.0
435007,level2,43,熊本県,球磨郡,48490.0,466.0
435015,level3,43,熊本県,球磨郡錦町,10033.0,113.0
435058,level3,43,熊本県,球磨郡多良木町,8321.0,62.0
435066,level3,43,熊本県,球磨郡湯前町,3445.0,9.0
435074,level3,43,熊本県,球磨郡水上村,1933.0,10.0
435104,level3,43,熊本県,球磨郡相良村,3961.0,42.0
435112,level3,43,熊本県,球磨郡五木村,929.0,7.0
435121,level3,43,熊本県,球磨郡山江村,3162.0,8.0
435139,level3,43,熊本県,球磨郡球磨村,2648.0,4.0
435147,level3,43,熊本県,球磨郡あさぎり町,14058.0,211.0
435201,level2,43,熊本県,天草郡,6222.0,94.0
435317,level3,43,熊本県,天草郡苓北町,6222.0,94.0
440001,level1,44,大分県,-,1102102.0,19892.0
442011,level3,44,大分県,大分市,472898.0,4852.0
442020,level3,44,大分県,別府市,112115.0,5367.0
442038,level3,44,大分県,中津市,81524.0,2582.0
442046,level3,44,大分県,日田市,60207.0,633.0
442054,level3,44,大分県,佐伯市,64450.0,845.0
442062,level3,44,大分県,臼杵市,34895.0,398.0
442071,level3,44,大分県,津久見市,14980.0,56.0
442089,level3,44,大分県,竹田市,18917.0,345.0
442097,level3,44,大分県,豊後高田市,21748.0,1025.0
442101,level3,44,大分県,杵築市,26153.0,289.0
442119,level3,44,大分県,宇佐市,51972.0,1231.0
442127,level3,44,大分県,豊後大野市,31998.0,418.0
442135,level3,44,大分県,由布市,33521.0,773.0
442143,level3,44,大分県,国東市,25074.0,505.0
443204,level2,44,大分県,東国東郡,1711.0,1.0
443221,level3,44,大分県,東国東郡姫島村,1711.0,1.0
443409,level2,44,大分県,速見郡,27829.0,275.0
443417,level3,44,大分県,速見郡日出町,27829.0,275.0
444600,level2,44,大分県,玖珠郡,22110.0,297.0
444618,level3,44,大分県,玖珠郡九重町,8302.0,168.0
444626,level3,44,大分県,玖珠郡玖珠町,13808.0,129.0
450006,level1,45,宮崎県,-,1048347.0,11345.0
452017,level3,45,宮崎県,宮崎市,394504.0,3476.0
452025,level3,45,宮崎県,都城市,162574.0,2670.0
452033,level3,45,宮崎県,延岡市,113936.0,692.0
452041,level3,45,宮崎県,日南市,48198.0,613.0
452050,level3,45,宮崎県,小林市,42075.0,805.0
452068,level3,45,宮崎県,日向市,57847.0,553.0
452076,level3,45,宮崎県,串間市,16047.0,149.0
452084,level3,45,宮崎県,西都市,28078.0,311.0
452092,level3,45,宮崎県,えびの市,17067.0,375.0
453404,level2,45,宮崎県,北諸県郡,25684.0,220.0
453412,level3,45,宮崎県,北諸県郡三股町,25684.0,220.0
453609,level2,45,宮崎県,西諸県郡,8393.0,69.0
453617,level3,45,宮崎県,西諸県郡高原町,8393.0,69.0
453803,level2,45,宮崎県,東諸県郡,25028.0,248.0
453820,level3,45,宮崎県,東諸県郡国富町,18243.0,222.0
453838,level3,45,宮崎県,東諸県郡綾町,6785.0,26.0
454001,level2,45,宮崎県,児湯郡,66091.0,891.0
454010,level3,45,宮崎県,児湯郡高鍋町,19275.0,145.0
454028,level3,45,宮崎県,児湯郡新富町,16480.0,214.0
454036,level3,45,宮崎県,児湯郡西米良村,991.0,6.0
454044,level3,45,宮崎県,児湯郡木城町,4710.0,13.0
454052,level3,45,宮崎県,児湯郡川南町,14617.0,391.0
454061,level3,45,宮崎県,児湯郡都農町,10018.0,122.0
454206,level2,45,宮崎県,東臼杵郡,25323.0,184.0
454214,level3,45,宮崎県,東臼杵郡門川町,16989.0,150.0
454290,level3,45,宮崎県,東臼杵郡諸塚村,1406.0,2.0
454303,level3,45,宮崎県,東臼杵郡椎葉村,2406.0,14.0
454311,level3,45,宮崎県,東臼杵郡美郷町,4522.0,18.0
454401,level2,45,宮崎県,西臼杵郡,17502.0,89.0
454419,level3,45,宮崎県,西臼杵郡高千穂町,10805.0,69.0
454427,level3,45,宮崎県,西臼杵郡日之影町,3419.0,3.0
454435,level3,45,宮崎県,西臼杵郡五ヶ瀬町,3278.0,17.0
460001,level1,46,鹿児島県,-,1558920.0,18685.0
462012,level3,46,鹿児島県,鹿児島市,591263.0,4951.0
462039,level3,46,鹿児島県,鹿屋市,98626.0,1287.0
462047,level3,46,鹿児島県,枕崎市,18898.0,584.0
462063,level3,46,鹿児島県,阿久根市,18147.0,255.0
462080,level3,46,鹿児島県,出水市,51405.0,1249.0
462101,level3,46,鹿児島県,指宿市,37207.0,771.0
462136,level3,46,鹿児島県,西之表市,14095.0,129.0
462144,level3,46,鹿児島県,垂水市,12973.0,471.0
462152,level3,46,鹿児島県,薩摩川内市,90536.0,766.0
462161,level3,46,鹿児島県,日置市,46134.0,448.0
462179,level3,46,鹿児島県,曽於市,32185.0,646.0
462187,level3,46,鹿児島県,霧島市,123070.0,1257.0
462195,level3,46,鹿児島県,いちき串木野市,25808.0,474.0
462209,level3,46,鹿児島県,南さつま市,31094.0,329.0
462217,level3,46,鹿児島県,志布志市,28693.0,763.0
462225,level3,46,鹿児島県,奄美市,40239.0,191.0
462233,level3,46,鹿児島県,南九州市,31457.0,738.0
462241,level3,46,鹿児島県,伊佐市,22748.0,284.0
462250,level3,46,鹿児島県,姶良市,78123.0,673.0
463001,level2,46,鹿児島県,鹿児島郡,1017.0,22.0
463035,level3,46,鹿児島県,鹿児島郡三島村,344.0,8.0
463043,level3,46,鹿児島県,鹿児島郡十島村,673.0,14.0
463809,level2,46,鹿児島県,薩摩郡,18696.0,510.0
463922,level3,46,鹿児島県,薩摩郡さつま町,18696.0,510.0
464007,level2,46,鹿児島県,出水郡,9399.0,98.0
464040,level3,46,鹿児島県,出水郡長島町,9399.0,98.0
464406,level2,46,鹿児島県,姶良郡,8294.0,107.0
464520,level3,46,鹿児島県,姶良郡湧水町,8294.0,107.0
464601,level2,46,鹿児島県,曽於郡,11914.0,539.0
464686,level3,46,鹿児島県,曽於郡大崎町,11914.0,539.0
464805,level2,46,鹿児島県,肝属郡,32025.0,467.0
464821,level3,46,鹿児島県,肝属郡東串良町,6361.0,199.0
464902,level3,46,鹿児島県,肝属郡錦江町,6165.0,101.0
464911,level3,46,鹿児島県,肝属郡南大隅町,5912.0,51.0
464929,level3,46,鹿児島県,肝属郡肝付町,13587.0,116.0
465003,level2,46,鹿児島県,熊毛郡,23624.0,190.0
465011,level3,46,鹿児島県,熊毛郡中種子町,7102.0,45.0
465020,level3,46,鹿児島県,熊毛郡南種子町,5196.0,20.0
465054,level3,46,鹿児島県,熊毛郡屋久島町,11326.0,125.0
465208,level2,46,鹿児島県,大島郡,61250.0,486.0
465232,level3,46,鹿児島県,大島郡大和村,1384.0,4.0
465241,level3,46,鹿児島県,大島郡宇検村,1604.0,18.0
465259,level3,46,鹿児島県,大島郡瀬戸内町,8084.0,32.0
465275,level3,46,鹿児島県,大島郡龍郷町,6014.0,28.0
465291,level3,46,鹿児島県,大島郡喜界町,6307.0,54.0
465305,level3,46,鹿児島県,大島郡徳之島町,9844.0,69.0
465313,level3,46,鹿児島県,大島郡天城町,5461.0,35.0
465321,level3,46,鹿児島県,大島郡伊仙町,6132.0,26.0
465330,level3,46,鹿児島県,大島郡和泊町,5975.0,127.0
465348,level3,46,鹿児島県,大島郡知名町,5383.0,66.0
465356,level3,46,鹿児島県,大島郡与論町,5062.0,27.0
470007,level1,47,沖縄県,-,1484081.0,28780.0
472018,level3,47,沖縄県,那覇市,313424.0,7888.0
472051,level3,47,沖縄県,宜野湾市,100443.0,2105.0
472077,level3,47,沖縄県,石垣市,49830.0,1019.0
472085,level3,47,沖縄県,浦添市,115486.0,1871.0
472093,level3,47,沖縄県,名護市,64734.0,1013.0
472107,level3,47,沖縄県,糸満市,62250.0,1360.0
472115,level3,47,沖縄県,沖縄市,141739.0,2268.0
472123,level3,47,沖縄県,豊見城市,65889.0,594.0
472131,level3,47,沖縄県,うるま市,126948.0,1929.0
472140,level3,47,沖縄県,宮古島市,55656.0,1109.0
472158,level3,47,沖縄県,南城市,46929.0,463.0
473006,level2,47,沖縄県,国頭郡,64717.0,2216.0
473014,level3,47,沖縄県,国頭郡国頭村,4459.0,71.0
473022,level3,47,沖縄県,国頭郡大宜味村,2910.0,32.0
473031,level3,47,沖縄県,国頭郡東村,1701.0,21.0
473065,level3,47,沖縄県,国頭郡今帰仁村,9183.0,93.0
473081,level3,47,沖縄県,国頭郡本部町,12899.0,254.0
473111,level3,47,沖縄県,国頭郡恩納村,11316.0,1402.0
473138,level3,47,沖縄県,国頭郡宜野座村,6500.0,94.0
473146,level3,47,沖縄県,国頭郡金武町,11481.0,217.0
473154,level3,47,沖縄県,国頭郡伊江村,4268.0,32.0
473201,level2,47,沖縄県,中頭郡,160750.0,3763.0
473243,level3,47,沖縄県,中頭郡読谷村,42289.0,962.0
473251,level3,47,沖縄県,中頭郡嘉手納町,12909.0,132.0
473260,level3,47,沖縄県,中頭郡北谷町,29259.0,1107.0
473278,level3,47,沖縄県,中頭郡北中城村,17951.0,435.0
473286,level3,47,沖縄県,中頭郡中城村,22683.0,331.0
473294,level3,47,沖縄県,中頭郡西原町,35659.0,796.0
473405,level2,47,沖縄県,島尻郡,108349.0,1032.0
473481,level3,47,沖縄県,島尻郡与那原町,19920.0,207.0
473502,level3,47,沖縄県,島尻郡南風原町,41330.0,265.0
473537,level3,47,沖縄県,島尻郡渡嘉敷村,665.0,13.0
473545,level3,47,沖縄県,島尻郡座間味村,873.0,14.0
473553,level3,47,沖縄県,島尻郡粟国村,676.0,32.0
473561,level3,47,沖縄県,島尻郡渡名喜村,291.0,2.0
473570,level3,47,沖縄県,島尻郡南大東村,1227.0,69.0
473588,level3,47,沖縄県,島尻郡北大東村,544.0,36.0
473596,level3,47,沖縄県,島尻郡伊平屋村,1191.0,30.0
473600,level3,47,沖縄県,島尻郡伊是名村,1237.0,33.0
473618,level3,47,沖縄県,島尻郡久米島町,7140.0,79.0
473626,level3,47,沖縄県,島尻郡八重瀬町,33255.0,252.0
473707,level2,47,沖縄県,宮古郡,1040.0,21.0
473758,level3,47,沖縄県,宮古郡多良間村,1040.0,21.0
473804,level2,47,沖縄県,八重山郡,5897.0,129.0
473812,level3,47,沖縄県,八重山郡竹富町,4208.0,109.0
473821,level3,47,沖縄県,八重山郡与那国町,1689.0,20.0
